Country Name,Country Code,1962,1963,1964,1965,1966,1967,1968,1969,1970,1971,1972,1973,1974,1975,1976,1977,1978,1979,1980,1981,1982,1983,1984,1985,1986,1987,1988,1989,1990,1991,1992,1993,1994,1995,1996,1997,1998,1999,2000,2001,2002,2003,2004,2005,2006,2007,2008,2009,2010,2011,2012,2013,2014
Aruba,ABW,,,,,,,,,,,,,,,,,,,,,,,,,,,0.927829199,0.664215005,0.376194028,0.490407738,,,,3.341082723,3.419894222,3.056984112,2.671892612,,,,,,,0.378770414,,,,0.647521458,0.82617106,0.826909486,0.2535469,0.303565158,0.39770308
Andorra,AND,,,,,,,,,,,,,,,,,,,,,,,,,,,,,,,,,,0.656790002,0.598209658,0.533134155,0.523752383,0.560631006,0.486614207,0.460160747,0.410605322,0.414015704,0.400673169,,,,,,,,,,
Afghanistan,AFG,0.966616617,1.394437964,1.498233701,1.080155565,0.672908592,0.827609502,1.035163115,1.464899064,1.46033227,0.982216089,1.763666704,3.473725427,3.11281987,1.545044416,1.752993731,1.311936217,,,,,,,,,,,,,,,,,,,,,,,,,,,,,,,0.002370971,,,,,,
Angola,AGO,1.695005198,,,,,,,0.909028468,0.940165086,0.994832919,1.139966444,1.359116957,1.539489405,,,,,,,,,,,0.806703614,,,,,,,,,,,,,,,,,,,,,,,,,,,,,
Albania,ALB,,,,,,,,,,,,,,,,,,,,,,,,,,,,,,,,,,,0.92981334,1.185616584,1.46323228,3.765241455,0.937486657,0.863882882,0.964128215,0.999191726,1.070493985,1.10858498,1.189333025,0.932476369,0.839335826,0.994704094,0.999252302,0.950213011,0.906949319,0.953042303,0.644753212
Arab World,ARB,,,,,,,,,,,,,3.379210999,2.385783527,2.652173915,,1.955095929,1.937353053,2.335459432,1.913832084,1.823114547,1.95566898,,,,,,2.243269269,,1.931748277,1.81995134,1.518612188,,,,,,1.579834776,1.52658799,1.462270927,1.703669064,1.8421752,1.752876205,1.376839554,,1.208932247,0.998127823,,,,,,
United Arab Emirates,ARE,,,,,,,,,,,,,,,,,0.965693887,0.733511669,1.374538592,0.925815107,0.772242262,0.904131775,,,,,,0.766308232,,0.262263638,0.285241873,0.218208653,,,,,,0.590978111,0.750801692,0.777365604,,,,0.573164292,,0.543915097,0.44764725,,,,,,
Argentina,ARG,6.146947043,7.568269978,10.81301918,12.6011795,11.41908349,9.625900511,10.96443074,9.740490059,8.814455094,8.684605052,7.226285874,7.201007735,7.610883961,6.537830316,5.255708634,4.1672438,4.489653148,4.688576372,3.71064837,3.407462647,4.763150816,5.304623012,5.40075121,3.474249547,4.751420559,4.218503617,3.58856211,3.951620176,3.957906456,2.811407462,1.906213515,1.922137474,1.615637043,2.033695484,1.913219026,1.545398198,1.497084906,1.504044567,1.484419656,1.508561674,2.403061912,2.484842545,1.789135261,1.502717836,1.475885033,1.238235023,1.058118275,1.163455654,1.084034808,1.025439981,1.022747173,0.874278296,0.890840475
Armenia,ARM,,,,,,,,,,,,,,,,,,,,,,,,,,,,,,,,,,,,0.447905343,,1.25416669,0.945613821,1.06465426,1.127139179,1.03194856,1.004253613,0.842936141,0.844766147,0.82317624,1.679886708,1.085192761,0.910834669,1.120695586,1.202638727,1.122178737,1.559608342
American Samoa,ASM,,,,,,,,,,,,,,,,,,,,,,,,,,,,,,,,,,,,,,,,,,,,,,,,,,,,,
Antigua and Barbuda,ATG,,,,,,,,,,,,2.195200999,1.403124068,1.245061237,,0.604581269,1.753920285,,,2.58515502,,,,,,,,,,,,,,,,,,2.740624833,2.419438091,,,,,1.710499553,1.792446153,2.388747081,,1.151514141,1.168035722,1.209722795,1.855140747,1.673009369,1.345639438
Australia,AUS,,6.314857784,6.361579361,5.189557604,4.539279251,4.435498061,4.217653953,4.380940986,4.265745736,4.080037133,4.362862065,5.394744498,4.195488512,2.961299477,3.623125502,3.064625351,2.87843745,3.101376145,2.843225747,2.419766441,2.01201313,2.241320706,2.395155991,2.172351776,2.031040441,2.335564444,2.675489011,2.340571009,2.067395822,1.849172833,1.918853591,1.980978906,1.801118883,1.666331439,1.42232957,1.3374619,1.245301219,1.225631559,1.404396675,1.121518551,1.167338753,1.155990987,1.057282318,0.949015097,0.877208466,0.867210031,0.802836364,0.723771206,0.706840651,0.641327502,0.564280008,0.598291355,0.67968218
Austria,AUT,,7.154155729,7.071014419,6.197375464,5.784662353,5.442569028,5.654206184,5.585287749,5.266064621,4.607001705,4.509649227,5.115801457,5.404691296,4.076285293,4.022604241,3.768229554,3.540228196,3.611435009,3.842586409,3.769941379,3.802990263,3.783116516,3.848305882,3.673300817,3.494285447,3.546665501,3.562486704,3.46216992,3.129466804,2.966608667,2.869865673,2.706648863,2.920311173,3.150405118,2.497502952,2.513378944,2.420199747,2.691687233,2.622822777,2.352830094,2.431157133,2.364203794,2.215168005,2.180832357,2.257661626,2.199021818,2.05054388,2.17385143,2.295973461,2.214950883,2.127927089,2.196227622,2.162821459
Azerbaijan,AZE,,,,,,,,,,,,,,,,,,,,,,,,,,,,,,,,,,,1.005820547,2.020662467,1.718732499,1.732222639,1.663086052,1.428352788,1.158151861,0.951391168,0.852554309,1.021419698,0.989562145,1.034116864,0.876444256,1.005864795,1.694357625,1.999733969,1.986045758,2.334216721,0.647128571
Burundi,BDI,,,,3.988322994,,,,,,,,,5.231153932,5.174046746,3.98671634,,,,,,,,,,,,,,,,,2.089117742,1.681609128,1.933778882,1.683623431,2.33196225,1.471143748,2.224645495,2.407474298,2.53190643,2.455719136,1.306653412,1.144199573,1.354100334,1.046835387,0.901299335,1.585898363,1.364577739,1.441523842,0.747018069,0.943171258,1.017599951,0.698863255
Belgium,BEL,,,,,,,,,,,,,,,,,,,,,,,,,,,,,,,,,,,,,,1.730395463,1.876166073,1.62528847,1.417488204,1.332137178,1.283758389,1.190027078,1.223668473,1.320561403,1.163738105,1.244976657,1.280378691,1.261664018,1.276109755,1.227515681,1.265823975
Benin,BEN,0.6836833,0.778385108,0.572436987,0.518009388,0.614959765,0.667971775,1.203841674,1.652287412,1.823376276,3.848155453,3.979294176,2.277109387,1.322152196,,,,,1.11087915,1.400322904,,0.643460593,,,,,,,,,,4.481651361,5.088789875,4.271250338,2.650108046,4.400227021,5.23900874,4.978593518,6.527863723,5.341372532,5.075679228,5.289790543,3.980121195,3.6647764,4.223390456,4.592419489,3.509659963,3.555234788,3.521152628,2.635625105,2.620918556,2.914504967,2.462910136,1.999782967
Burkina Faso,BFA,6.97326886,12.08797043,9.457474959,9.968306284,9.026532974,7.124152449,7.88954195,5.887443221,4.773537011,4.379067449,1.21203966,1.601725839,1.265160263,1.666295487,1.930187884,1.849594265,1.308904956,1.831410377,1.58090959,1.719780829,1.830227151,2.080928694,,,,,,,,,,,,1.517647078,1.23079983,0.944013855,0.684881177,0.64634798,0.614680926,0.855254915,0.697427517,0.691028665,0.679473918,0.644250535,,0.703951209,0.739599379,0.680065973,0.742460113,0.661120597,,0.441018032,0.487586287
Bangladesh,BGD,,,,,,,,,,,,,,,,3.820660197,11.89469361,5.273363641,5.928039142,6.920660228,5.347740854,7.322061126,6.860760891,5.153129492,3.95841585,3.69934149,3.582641274,3.948580818,5.374359471,4.250814575,3.858723526,4.800685611,,3.367999907,4.293594136,5.314408696,5.388262219,,6.065280843,6.445765454,5.64804381,7.46485548,8.469708132,7.346708769,7.010495122,7.830696407,7.349498071,6.476261051,8.107560828,7.302482131,,,
Bulgaria,BGR,,,,,,,,,,,,,,,,,,,,,,,,,,,,,,,2.810605724,,,,2.640965209,2.845936896,2.255597221,1.405636213,1.348312703,1.346978976,1.31628876,1.568468589,1.401292255,1.35120709,1.195004432,1.100280892,1.010280271,0.967326448,1.058395179,1.11614146,1.018664939,1.055479668,1.103117253
Bahrain,BHR,,,,,,,,,1.191937528,0.640108811,0.614340039,0.70917328,0.500697441,0.528599695,1.116195217,0.89205507,0.89977151,0.82014685,1.151467209,1.149648253,1.043074353,1.130292171,1.202172512,1.313870393,1.018867705,0.872550553,1.225515035,0.966446975,0.934132143,0.823201599,0.766221523,1.114014435,0.825587569,0.965403698,1.100900076,,,,0.82283842,0.939069728,0.863222154,0.85328676,0.705994305,0.500529996,0.432620063,0.455029588,0.455576575,0.499247453,0.505736227,0.557051722,0.877289707,0.483491895,1.042563313
"Bahamas, The",BHS,,,,,,,,,,,,,0.197045008,0.108095526,0.139964498,,,,0.152158463,0.080296226,0.151167464,0.219190045,0.281322671,0.435455658,0.44925634,0.587927327,0.758446715,,,,,,,1.869271454,,1.859932234,2.057017135,2.386804695,2.698717008,2.09954062,2.035328259,1.970442736,2.366251085,2.335560125,2.390555677,2.288655057,1.761440778,1.849896096,1.795495097,1.280381042,1.333531233,1.457525845,1.44847004
Bosnia and Herzegovina,BIH,,,,,,,,,,,,,,,,,,,,,,,,,,,,,,,,,,,,,,,,,,0.600439057,1.046473866,1.237763825,1.403785806,1.21188238,1.267058561,1.185278807,1.562658938,1.531726947,1.618138536,1.529176372,1.549641725
Belarus,BLR,,,,,,,,,,,,,,,,,,,,,,,,,,,,,,,,,,,,,2.431717029,2.67740719,2.302311433,2.312918292,2.256294586,2.149788687,1.832522152,1.68090976,1.521991407,1.380181737,1.311255179,1.174355766,1.475509824,1.536018543,1.465278418,1.281116295,1.056607324
Belize,BLZ,,,,,,,,,,,,,,0.477526341,0.397275231,0.474226836,0.442565534,0.48430982,0.310059203,,0.97280292,0.218320389,0.25278719,0.242726964,0.184432136,0.222837228,0.230671002,0.259576353,0.352361103,,1.024084957,0.539914795,0.348157307,0.253786231,0.274552455,0.270772317,0.396097672,4.293703692,0.596947783,0.800364456,0.495255687,0.428251867,0.438248016,0.799334646,0.668288119,0.755958761,0.59715505,0.765106222,0.867688534,0.904872897,0.658863114,0.894998313,1.289658138
Bermuda,BMU,,,,,,,,,,0.97895391,1.11976951,1.048469049,0.768839135,0.664437849,0.735660414,0.754760035,0.875050403,0.80548297,0.661164948,0.801608474,0.777060526,0.839291492,0.777266307,0.802215342,,,0.815729352,,0.802593292,0.731803713,0.744784026,0.7596861,,1.431708564,,1.347466566,,,,,,,,,,,,,0.625822052,0.61133278,0.613332454,0.62532238,0.636907389
Bolivia,BOL,2.352535058,2.53346747,2.715306659,1.619285714,1.86116259,2.183549149,0.827259717,0.781116321,1.237275593,1.189561547,1.512566179,,1.18936151,0.624082457,0.695541298,0.994198814,0.636009634,0.839945622,1.20193363,1.419130831,1.353966978,1.5416732,2.701645189,1.937764383,1.644824196,1.734417342,1.483409153,1.749135662,2.169005106,1.955784712,1.308946075,1.618788741,1.572845018,1.680666292,1.43279928,1.221342554,0.957578826,1.082897972,1.618560759,1.597937487,1.086026459,1.489786694,1.785929166,1.444075982,1.334602747,1.129844894,0.8859373,0.72423922,0.685259997,0.637151053,0.532400598,0.523227777,0.493534743
Brazil,BRA,2.922020957,2.949165187,2.217360971,1.741886789,1.950759416,1.985415577,2.356397508,1.922234976,1.85104378,2.178320307,1.971958596,2.073259798,2.014876821,1.497433072,1.418145792,1.458699978,1.447775276,1.351868689,1.33536029,1.11600913,0.925132415,1.132453434,1.567983695,1.711051367,2.432690797,2.272938947,3.042882188,3.42862948,2.569200302,2.622701646,2.717835093,4.32086139,3.25136312,2.715518526,3.002887184,2.567666752,2.103448025,2.022682563,1.96871318,1.351876891,1.495766279,1.749913777,1.754816884,1.538390151,1.523360268,1.419296104,1.218040383,1.156239402,1.311285817,1.466503915,1.093238304,1.004703744,0.987540254
Barbados,BRB,,,,,,2.706999299,2.72194639,2.850667547,2.590953162,2.752214695,2.300493548,2.557128549,2.387112596,1.797660872,2.363342618,2.387983778,2.328764071,2.004410417,2.43153308,1.866097761,1.959631433,1.680032741,1.408390472,1.674835036,2.028818475,2.74257095,2.696090122,2.780357261,2.501388523,2.35352932,2.166070012,2.469259368,2.797573829,2.362391159,2.654303977,2.702543118,2.704937588,2.713940806,2.312535332,2.276763007,2.590736338,1.944299677,2.241140969,1.882191185,2.040113865,2.635706698,1.739918011,1.94878635,1.773182603,1.254233032,1.095990958,1.123291472,1.120648989
Brunei Darussalam,BRN,1.041247241,0.7996487,0.837553032,0.711929525,0.782869307,0.771586691,0.508953393,0.511399541,0.274563869,0.157871307,0.248963562,0.266805824,0.227789888,0.156942689,0.207614924,0.243763492,0.245716887,0.213336978,0.222060435,0.244815828,0.198585065,0.315611264,0.217513049,0.192054801,0.213826186,0.277469233,0.251887692,0.406268872,0.351350056,0.44552869,0.537271778,0.371549796,0.765231385,,,0.605605293,0.354323992,,,0.260159611,0.181226706,0.343522387,0.218940731,,0.179288538,,,,,,0.148296889,0.196276065,0.173560319
Bhutan,BTN,,,,,,,,,,,,,,,,,,,,,,,,,,,,,,0.744973924,1.203945334,1.264481337,1.381259539,,,,1.887675251,1.291421064,,,,,,0.583301242,0.622625521,1.206321182,2.198737046,2.615618996,2.235865304,3.027629102,2.518495689,,
Botswana,BWA,,,,,,,,,,,,,,,,,,,,,,,,,,,,,,,,,,,,,,,0.852859723,0.82251921,0.807858609,0.803922319,0.769240588,0.880779934,0.747575422,0.851164478,0.828803415,0.882767597,0.825926034,0.705692341,0.699465292,0.546533951,0.465534406
Central African Republic,CAF,1.434779696,1.940056713,1.118753432,0.371793381,0.834062004,0.768103962,0.684856428,0.958071686,0.96201631,0.464755893,,0.45324771,0.661311702,0.384025999,0.582769969,0.477460092,0.667131205,0.389273934,0.906472046,,,,,,,,,0.958940403,,,,0.899318642,6.253158401,9.839005757,13.54383349,1.566187341,1.962362499,2.923687242,4.298133049,4.104987674,3.741006466,5.44625239,32.43137717,27.36082895,42.32149074,1.539309114,2.51243673,2.269788514,2.090555165,2.120652843,2.011323208,1.59385551,0.819073903
Canada,CAN,4.523038647,4.501095519,4.385820393,3.901571064,3.257847609,2.876839663,2.584846476,2.467007769,2.347323899,2.724748637,2.379322633,2.483234639,2.188831062,1.901410239,2.259722517,2.181802461,2.230816132,2.523776326,2.167998615,2.015714321,1.872628368,2.098812575,1.930354657,1.737277804,1.764255633,1.912664829,1.795813387,1.695501497,1.602066888,1.414031838,1.467878955,1.471974419,1.512135239,1.70350991,1.45332111,1.430029419,1.382506885,1.2949144,1.337479889,1.295287538,1.346204508,1.34302253,1.307449641,1.223441012,1.111685945,1.038922299,0.97629503,0.972333502,1.013810914,1.012830976,0.952297117,0.933753654,0.951734592
Central Europe and the Baltics,CEB,,,,,,,,,,,,,,,,,,,,,,,,,,,,,,,3.170516617,2.607770865,2.59692232,2.954416821,2.500483662,2.241937261,2.002087932,1.859381792,1.95160965,1.810145942,1.815405119,1.773721806,1.701455513,1.58731484,1.422841657,1.410816247,1.277682354,1.322920294,1.492280144,1.630726707,1.59518575,1.58068711,1.534091307
Switzerland,CHE,6.359743333,6.104769766,5.881604542,5.297478759,5.135237453,5.040907142,4.665072895,4.298034055,3.942969131,3.440625161,3.394212515,3.648864128,3.415898526,3.155986534,3.314787403,3.092059852,2.862221838,2.637412203,2.602252039,2.764839458,2.569303484,2.579830816,2.752927221,2.74932193,2.468584067,2.396128647,2.45117572,2.427497732,2.224365482,1.992259063,2.013621925,1.865953212,1.978300169,1.997916085,1.705614399,1.584183655,1.530613214,1.449401492,1.428065869,1.249454811,1.226202642,1.212707158,1.153883961,1.07804556,1.036192428,1.042482705,0.996208957,0.997695607,1.003915037,0.903469302,0.838804206,0.843522032,0.82934451
Channel Islands,CHI,,,,,,,,,,,,,,,,,,,,,,,,,,,,,,,,,,,,,,,,,,,,,,,,,,,,,
Chile,CHL,6.225795279,8.059441981,6.332340732,6.704622649,5.638385054,6.184175337,5.544732068,4.810950902,4.728416825,5.811342554,7.097777426,5.269475453,4.142921443,2.521146862,3.71131579,3.730416758,3.500521718,2.525718339,1.79320947,1.614019641,1.348427309,2.861582334,3.158981922,3.098086917,3.464806882,3.278110163,3.082382097,2.482495408,2.172464941,2.570222197,2.020843204,1.824852876,1.713569196,1.683250298,1.343944446,1.226470518,1.141895458,1.169704971,1.160808047,1.160951326,1.150663251,1.050255907,1.122513667,0.981861333,0.835759415,0.769512857,0.618021282,0.645117738,0.653602025,0.614316079,0.569216386,0.591259062,0.643927022
China,CHN,,,,,,,,,,,,,,,,,,,,,,,7.72219218,5.809539625,5.003693316,6.526180168,8.557251065,7.21784339,6.066707456,6.158770164,4.87671648,3.118389821,4.406196846,5.195516427,5.119572641,5.232279305,4.246896792,4.29968862,4.807262363,4.572290378,4.254246302,3.985963612,4.034504689,3.881242758,3.97759393,3.757853555,3.558283963,3.365279855,3.718185611,4.19417019,3.861183237,3.633456473,3.482129423
Cote d'Ivoire,CIV,0.911200898,0.846504422,0.779695566,0.650476759,0.84619483,1.093908583,0.629372801,0.620764689,0.550785925,0.628528667,0.706484363,0.610836756,0.732900797,0.567814936,0.452503157,0.52360108,0.327387375,0.378587813,,0.650825421,0.444917605,0.52354003,,1.036498957,,,,,,,,,,0.943356977,0.86689327,1.686104705,2.376424977,0.878247766,1.057823979,0.895288688,1.030112307,0.576376826,0.478966548,0.457745341,0.55607302,0.576714292,0.637012601,0.764770413,0.857381046,0.850945969,0.687249323,0.531803668,0.531402738
Cameroon,CMR,1.254227335,1.338696542,1.604587131,1.307750946,0.45295899,0.298756117,0.40014272,0.329193548,0.826682916,0.406733058,0.383954565,0.347580482,0.370018216,0.613099411,0.327801713,0.313416699,0.448386824,0.467586132,0.360736569,,0.502368671,,,,0.401558929,0.307835345,,0.350531483,0.455971442,,,,,2.516368485,2.450501476,1.911556513,2.067600871,2.070513949,1.56005814,1.142579083,1.172091688,1.639042487,1.651979276,1.756352068,1.666292609,1.430741009,1.940786379,2.211233892,1.574754335,1.923254179,1.447828119,,1.347464442
"Congo, Rep.",COG,0.338256574,0.447411438,0.405228392,0.327469271,0.277416472,0.305956023,0.336271359,,0.327887379,0.295941798,0.371356071,0.317718477,0.364890176,0.461831143,0.383095793,0.365601315,0.366363199,0.464040244,0.544480447,,,0.227979014,0.272429656,0.396905379,0.366910148,,,,,,,0.500251103,0.563901246,0.862023684,,,,,,,,,,,,0.425187447,0.564861371,0.553678205,0.394481701,0.260222978,0.35211248,0.281745184,0.758931126
Colombia,COL,5.13746322,6.289242715,5.539950859,7.277927302,6.202902034,4.326119952,4.467435743,4.916159611,4.367647111,4.445600414,5.103698247,5.441404938,4.831510438,4.205099168,4.098230622,3.60520958,3.07675278,3.435609711,2.842871912,2.616727686,2.691038373,2.500477477,3.630874047,3.926931287,3.994291784,4.012538612,3.701509262,3.907286866,3.544607607,3.505096515,3.532510298,2.519794933,2.341504682,2.548729639,2.106378436,2.136786407,1.952332049,2.257793541,2.818264284,2.242034539,2.294239662,2.481640259,1.982131849,1.659951692,1.67136737,1.377819165,1.307496146,1.228166866,1.354500121,1.215076947,0.912288104,0.856144272,0.814119186
Comoros,COM,0.461376219,,,,,,,,,,,,,,,,,,,,,,,,,,,,,,,,,0.925726235,1.256757473,1.232224226,0.793560863,0.410711752,0.852565493,0.753060576,0.94803743,0.836490087,0.749507145,0.33519135,0.30603963,0.239051868,0.496108245,0.631162906,0.681402495,0.50998961,0.442712116,0.648279907,
Cabo Verde,CPV,,,,,,,,,,,,,,,,,1.006115493,1.470284342,2.096814689,,,,,,,,,,,,,,,2.603528915,2.185699277,2.419878189,2.415862475,2.464264043,2.153645728,2.453800341,2.153287829,2.504670597,1.862640297,1.806920315,1.410603754,1.43500025,1.687534287,1.271331566,1.308981635,1.014640201,1.083138458,1.194337348,1.359209298
Costa Rica,CRI,,,,0.447634575,0.6057497,0.953060017,1.130204018,0.9449489,1.060781645,1.112877342,1.17930957,1.147134943,1.518678906,1.300732664,1.551901419,1.480575503,1.123648071,1.306241283,1.526572504,1.546983404,1.876918419,1.806193409,1.925254472,1.497866556,1.679860026,1.660766567,1.996673909,1.69025614,1.600409708,1.43235227,1.325201315,1.178002055,1.164345724,1.251156713,1.234258553,0.860050477,0.717784996,0.768692886,0.804340975,0.839658953,0.725557099,0.881082246,1.024653377,1.069378247,0.961154203,1.034332605,1.127554552,0.730488871,1.100316024,1.083579611,0.981611836,0.90043032,
Caribbean small states,CSS,,,,,,,,,,,1.477793877,1.687245942,1.300840842,1.150220866,1.314899445,1.872166184,1.635844506,1.610575912,1.337857783,1.404988868,1.66899516,2.053515339,2.075890244,1.76269794,1.763138447,1.731722814,1.430890759,1.35757557,1.315901834,1.491746469,1.341310223,1.547118678,1.50663929,1.345072266,1.320177236,1.439256742,1.424034719,1.709961746,1.510440132,1.241797615,1.35799314,1.17328899,1.282298534,1.297724404,1.300152864,1.170285445,0.913522811,0.997907535,1.029971834,,,,
Cuba,CUB,,,,,,,,,,,,,,,,,,,,,,,,,,,,2.950854953,,,,,,,,,,1.282857441,1.263174828,1.106923737,0.929517832,0.769128223,0.914783397,0.72163269,0.497770674,,,,,,,,
Curacao,CUW,,,,,,,,,,,,,,,,,,,,,,,,,,,,,,,,,,,,,,,,,,,,,,,,,,,,,
Cayman Islands,CYM,,,,,,,,,,,,,,,,,,,2.880684809,,,,,,,,,,,,,,,,,,,,,,,,,,,,,,,,,,
Cyprus,CYP,,,,,,,,,1.830817119,2.05813222,1.926198329,1.787677893,1.905635674,0.835535696,1.034643551,1.752089379,1.794393609,1.884683892,1.636370419,1.801271389,1.292678612,1.436101103,1.500567585,1.378634907,1.395806446,1.407694661,1.433344045,1.38608077,1.465569827,1.364369619,1.187600604,1.285934744,1.312982831,1.338519491,1.038697677,1.057440316,1.258057143,1.224643787,0.971414043,1.023675965,1.041546948,1.272687479,1.182683754,1.103110833,1.015369339,1.238930939,0.9461523,0.850102558,0.774031251,0.733437006,0.737718972,0.74673529,0.743099911
Czech Republic,CZE,,,,,,,,,,,,,,,,,,,,,,,,,,,,,,,,2.736778229,2.880377875,2.726528086,2.267474468,2.250049494,2.253816487,2.054053958,2.069631857,1.875740288,1.993878865,1.778378182,1.574574176,1.527756656,1.378902062,1.305039629,1.273986792,1.240483466,1.358381613,1.503604037,1.48740623,1.44550658,1.343929216
Germany,DEU,10.22667598,9.827536697,10.0494649,8.88930797,8.355244765,7.807402361,8.002794439,7.578111227,6.452022262,6.847335908,5.75501061,5.570256841,4.602444983,4.333882875,4.420219464,4.568662379,4.396217843,4.142096129,4.014555252,3.72450063,3.614422847,3.731744881,3.825676249,3.491651711,3.503758115,3.617246557,3.701985242,3.664577493,3.157431812,2.663044557,2.702477191,2.345269749,2.65028596,2.781120895,2.250273421,2.230995003,2.12748982,1.88851702,1.739499518,1.726885611,1.740793634,1.577482558,1.474454607,1.504325835,1.413061885,1.369905861,1.283577641,1.264488157,1.518787875,1.60336277,1.490945475,1.471594549,1.405003199
Djibouti,DJI,1.03123313,,,,,,,,,,,,,,,,,,1.24048862,1.521668594,,10.59147521,12.31455797,10.08631853,10.84883185,10.00811013,9.845249467,12.51696835,11.3824186,10.37696123,,,,,,,,,,,,,,,,,,0.584774377,,,,,
Dominica,DMA,,,,,,,,,,,,,,,,2.65335427,1.498248349,2.25043019,4.525156951,1.933833711,,1.501154376,,1.605446661,1.399765307,1.489261688,1.577413976,1.726087785,1.565042982,1.735598602,,1.818071024,1.973051285,2.015623066,1.893154249,2.31273094,,1.966594172,2.17434936,1.838582595,1.664869262,1.518479873,1.832705312,1.3418119,2.02285646,1.912316593,1.804288385,1.55666583,2.662541754,,1.979210961,,
Denmark,DNK,5.911229601,6.243840845,6.416721576,6.348136624,6.08921267,5.432905377,5.184735335,4.979950874,4.901882602,4.272677676,4.704518154,5.047967727,4.505825226,3.631395743,3.996793375,4.012048832,4.246783013,4.552389444,4.551677234,4.250638296,4.119716475,4.389228648,3.628777014,3.434273833,3.582636145,3.639387497,3.846128302,3.671786823,3.32390721,2.988039796,3.054367715,2.775506126,3.107276311,2.961672594,2.594684933,3.002017994,2.916800437,2.755091895,2.656444291,2.620598308,2.533911702,2.734188773,2.462686404,2.243270792,2.30151577,2.233139514,1.846120662,2.012749549,2.272955863,2.332536325,2.145697065,2.44053527,2.61404167
Dominican Republic,DOM,,,,,,,,,,,0.994669756,2.832023709,3.34384853,2.291110427,3.485604249,2.277733257,2.204024568,2.675568884,2.317475334,1.654813456,1.955854068,1.945489082,1.737195841,1.797350842,,,,,,,,,,,,,,,,1.979371811,2.325082102,2.210796726,2.073383577,2.156489232,2.268657823,1.724173457,1.432836505,1.066688538,1.075462127,0.977563293,0.927369952,1.14713493,1.774904225
Algeria,DZA,,,,,3.125575141,,3.286309393,3.22748426,3.849312076,3.987829063,,3.138970517,4.309295041,2.077152323,1.961246491,2.658423384,1.953384473,2.221278681,3.153492204,2.901040583,3.031983537,3.740440029,3.924000059,3.601915375,3.35298484,3.661594012,5.024442415,4.906415616,4.718360236,3.177506502,2.907251774,3.699578651,3.337242195,3.176902983,2.981385244,3.123718215,2.625145231,2.589095392,2.594219362,2.357540721,2.115481881,2.411889688,1.909735858,1.697748057,2.080700842,2.257159462,1.609352017,1.462727208,1.607337354,1.515366751,1.480853114,1.44271417,1.56270789
East Asia & Pacific (developing only),EAP,,,,,,,,,,,,,,,,,,,,,,,6.036409979,4.808743926,4.371538028,5.531627209,6.767972762,5.953395659,5.083921093,5.155424078,4.374032457,3.134295174,4.003831035,4.556054846,4.406800597,4.267535994,3.800719194,3.859937549,4.150871641,4.011089067,3.661752871,3.444436832,3.408366268,3.200117512,3.247581457,3.094906686,2.955189462,2.841860575,3.11946565,3.505317283,3.205015458,3.009908433,2.907458531
East Asia & Pacific (all income levels),EAS,,,14.57457921,14.26306509,13.88181033,11.92308729,11.5516156,11.04236146,10.37775874,9.747259093,9.504024681,10.92495204,7.929297516,6.806575342,7.961502361,7.901697785,7.401675055,7.462805438,6.296729681,5.098234756,4.945374225,4.987745191,5.789838722,5.02219804,5.077853193,5.990706571,6.42655962,5.822436751,4.878404571,4.668636774,4.243520187,3.794740998,3.951523827,4.037686338,3.69071017,3.481321115,3.04859529,2.986411386,2.929408234,2.794674687,2.591379897,2.438609671,2.33084452,2.111987195,2.093866763,1.981937713,1.840952646,1.771241183,1.974122203,2.160255444,1.944175929,1.885863575,1.783506788
Europe & Central Asia (developing only),ECA,,,,,,,,,,,,,,,,,,,,,,,,,,,,,,,,,,,3.412214497,3.256772477,2.94744209,2.409148159,2.47515712,2.552470447,2.577088795,2.356952678,2.04936785,1.893743953,1.826023798,1.77731505,1.524787859,1.656614347,1.920438675,1.942659596,1.772350759,1.763779351,1.717992765
Europe & Central Asia (all income levels),ECS,11.93044524,10.32559938,10.22066844,9.291537348,9.642236402,8.124394999,7.816081436,7.637902635,6.782766966,6.266531091,6.091205066,6.398766686,5.427283944,4.603695878,5.069815226,4.901587457,4.561459544,4.537220324,4.103779971,3.795123657,3.599011964,3.722984846,4.000311087,3.722797554,3.738899676,3.865679329,3.817176597,3.611452415,3.1682456,2.779643466,2.792309717,2.585252279,2.902765619,3.012479261,2.487160183,2.428532915,2.278745889,2.060522984,2.068070054,1.927514176,1.903662388,1.813608826,1.676751587,1.597618501,1.51644223,1.517511776,1.363257957,1.330041813,1.49575869,1.559494895,1.443539661,1.478858631,1.463035526
Ecuador,ECU,3.358759762,3.232440403,3.154397892,2.642926526,2.794254989,2.836712921,2.886403487,3.479568643,0.313976765,3.318425039,2.749381738,3.359129382,2.574278671,1.709452098,1.893323903,1.765053517,1.329316602,,1.797639768,1.225947919,2.67654841,2.526891855,3.874761371,2.920348136,2.759205277,2.590949576,3.291997934,4.035391356,2.757595955,2.621547499,1.661721947,2.291587702,1.934842965,2.812076826,3.106167532,2.727947902,2.327900296,3.243179042,3.278850475,2.16956958,1.45503137,1.502130368,1.442762342,1.33302865,1.064849058,1.062609332,1.004682369,1.0274333,1.021127689,1.158098304,0.959488541,0.844432792,0.847099776
"Egypt, Arab Rep.",EGY,,,,7.441764641,6.202689418,6.399118724,5.733144346,7.365788308,8.313436385,6.369584065,8.871107066,7.0226256,5.84882438,5.481503942,4.917062994,8.348589517,5.447535961,5.516998677,6.18028003,5.088614872,4.620042316,4.598930822,4.659618587,6.831524842,4.872574321,5.379414271,6.284790838,7.080777417,7.060014875,7.516417405,6.262543066,2.085759654,5.702810796,7.051527599,6.101889336,5.960981186,4.913761131,4.399957739,4.839765078,4.543325017,4.403942451,4.558436859,5.173158788,4.101603711,3.857060647,3.715402379,3.307602896,3.353714976,3.212756209,2.987437728,2.849126651,2.902608536,3.306749556
Euro area,EMU,12.68918298,10.36121628,10.27538596,9.250693537,9.145890087,8.215098136,7.984145597,7.861830565,6.824328662,6.482976838,6.28748399,6.626370005,5.537785977,4.736870893,5.213631922,5.105937709,4.817483109,4.818650091,4.312777976,3.916796811,3.740828609,3.839412751,4.15211865,3.932634372,3.8639663,3.85292657,3.863927996,3.711615756,3.263080294,2.871645899,2.846762543,2.678932553,2.985938163,3.126902872,2.627734954,2.576278034,2.43940017,2.192091397,2.153909163,1.992296804,1.951012848,1.845950654,1.706972986,1.641711366,1.576226929,1.577293237,1.428160167,1.402521546,1.55589976,1.646122123,1.522358166,1.539721791,1.506125608
Eritrea,ERI,,,,,,,,,,,,,,,,,,,,,,,,,,,,,,,,,,,,,,,1.228444399,0.529473877,,0.914084701,,,,,,,,,,,
Spain,ESP,12.12903086,8.625834797,8.578157668,7.456638781,8.668423585,7.712169008,8.086264526,9.279465777,7.996504438,8.242223694,8.686045256,8.536285229,6.765355424,5.823861021,6.402562958,6.578878351,6.299378051,6.060744905,4.825624734,3.933597584,3.702299428,3.989328541,4.60355499,4.774135923,4.858517325,4.552380978,4.166371434,3.777509279,3.201878921,2.680750829,2.492076828,2.333178326,2.700818911,2.979473297,2.563827377,2.472340149,2.284477249,1.981544344,1.963959758,1.82593597,1.72790442,1.61809887,1.442548913,1.35301713,1.332081017,1.319803854,1.17598613,1.125830868,1.261064403,1.428550164,1.264493723,1.271669268,1.150583438
Estonia,EST,,,,,,,,,,,,,,,,,,,,,,,,,,,,,,,,,,2.897541178,2.67806502,2.412513448,2.498728097,2.920953054,3.266694811,3.060257902,2.903990777,3.075373923,3.295421476,3.172935039,2.528401187,2.888529738,1.981855014,1.978631616,2.230059844,1.928680802,1.831197151,2.224394777,2.318117399
Ethiopia,ETH,,,,,,,,,,,,,,,,,,,,,,,,,,,,,,,,1.350349835,,1.858518815,,2.035579888,1.301464251,1.239160655,1.248378668,1.020359976,0.894924523,0.725652556,0.894184978,0.923867972,1.612997669,0.887685579,1.174504487,0.513158829,0.494248695,0.568614481,0.568163699,0.893247666,0.713019099
European Union,EUU,12.55460204,10.74739633,10.62712121,9.602764755,10.05698467,8.353175787,8.077370729,7.913160465,6.999417193,6.477919014,6.328203097,6.677024222,5.610434918,4.766005938,5.279870863,5.108883827,4.756649454,4.730865803,4.265589687,3.921800515,3.715499292,3.817654133,4.10920601,3.81390957,3.771822229,3.847637788,3.84585353,3.649013578,3.186779918,2.788813673,2.770025002,2.550452127,2.869834736,2.979576535,2.508572564,2.448403723,2.292283745,2.067871047,2.049403069,1.906884476,1.888047494,1.804498837,1.674015651,1.602082745,1.522897912,1.52689048,1.377440485,1.324336327,1.49777688,1.575591087,1.459928557,1.499673391,1.485502201
Fragile and conflict affected situations,FCS,,,,,,,,,,,2.843655782,2.833515491,2.989785011,2.00782241,1.841734869,,,,,,,,,,,,,,,,,,,,,,,,1.21802293,1.053773739,1.30299299,,,,,,,,,,,,
Finland,FIN,,5.296154833,5.311503945,6.001669731,6.180239509,5.547847505,5.163417008,4.511794454,4.042322011,4.306178984,3.932381286,4.361458605,3.616918632,3.601568941,3.780012384,3.531339551,3.547312491,3.205698506,2.865757027,2.771551278,3.259289061,3.254949379,3.734513874,3.360807856,3.040431125,3.031332314,2.899535298,2.572205665,2.283867986,2.323928513,3.081505342,2.819216978,2.768370803,3.561262222,2.51830363,2.485158887,2.646368427,2.576044911,2.307671784,2.667741745,2.75769092,2.703931181,2.640113681,2.738039088,2.447914076,2.737815634,2.763915027,1.833797449,2.189956189,2.141832717,2.069722267,2.296028547,2.232671215
Fiji,FJI,,,,,,0.88277318,1.02582612,0.609831074,1.168844628,0.854102902,1.205668856,1.253358483,1.086842945,0.635652048,0.330131693,0.330451548,0.322869386,0.292344207,0.301194556,0.257590635,0.306324707,0.569533973,0.312339762,0.304738382,0.282453153,0.3087344,0.363801791,0.412418164,0.335540586,0.376169584,0.30109215,0.327333217,0.24410645,,,,,,0.612467548,0.459783097,0.353660993,0.341212339,0.377788343,0.377389823,0.348517079,0.304241516,0.280211642,0.334986934,0.281106475,0.243434164,0.334299159,0.460243151,0.503999322
France,FRA,13.23523936,12.78984838,11.60205105,10.29010362,10.15979485,8.514596465,7.718772886,7.540962677,6.806077108,6.101790406,5.991438386,6.55201632,5.565826411,4.403271253,4.792559131,4.457393924,4.073610725,4.155406007,3.768030325,3.514181445,3.186640254,3.289544256,3.471029753,3.254933116,3.147289584,3.17449396,3.148751546,3.048617394,2.616896656,2.366791692,2.318402138,2.114740959,2.373695827,2.525093084,2.126313365,2.105215147,1.941337635,1.848705605,1.911858123,1.709643533,1.683132255,1.677451588,1.560640886,1.463805817,1.372289216,1.399944541,1.289349732,1.251136903,1.372987577,1.327434275,1.182565139,1.184133787,1.155824497
Faroe Islands,FRO,,,,,,,,,,,,,,,2.284175183,4.058497635,1.875794557,1.919092615,2.533897696,2.018005777,2.019053934,1.514596197,1.925598698,2.328520043,2.273827241,1.27967038,1.669927279,3.096228647,2.190915512,2.183434912,2.887223291,2.540441242,2.853060587,,3.484984738,3.365911233,3.96768943,2.410104768,1.87766393,2.753373221,2.610297426,2.503953173,3.182942548,2.285394265,3.055647604,2.281932131,1.866753622,3.072136124,,,,,
"Micronesia, Fed. Sts.",FSM,,,,,,,,,,,,,,,,,,,,,,,,,,,,,,,,,,,,,,,,,,,,,,,,,,,,,
Gabon,GAB,0.236736942,0.283956378,0.253182968,0.168226943,0.153456651,0.163741991,0.235945177,0.2278345,0.283641311,0.271400665,,,,0.22911399,0.214584355,0.808528765,0.851252401,0.717042925,0.496770061,0.578808772,0.37771328,0.519015161,,,,,,,,,,0.572006521,0.592076529,,0.683228946,0.658583976,0.560500539,0.591367423,0.536160264,0.619482258,0.562189092,0.439898632,0.645128227,0.146378498,0.390125698,0.631824581,0.438775589,0.431191042,,,,,
United Kingdom,GBR,14.53574011,14.76171349,14.28690201,12.92836798,11.92449268,10.22703671,9.740980239,9.480265488,8.943203693,7.562786233,7.527873732,7.95383175,6.68994861,5.361558099,6.19956102,5.687714606,4.819865077,4.613637977,4.071294051,3.978917202,3.760811881,3.853266292,3.840780505,3.441089435,3.407263727,3.662758857,3.437091762,3.224839627,2.874159027,2.531105402,2.390800843,2.004635727,2.505463289,2.433700968,2.091497577,2.005353502,1.767631628,1.677515392,1.547149451,1.473932768,1.560177808,1.545913641,1.453865653,1.385219014,1.257283978,1.320107181,1.123239681,0.829060237,1.141771292,1.092680781,0.967496605,1.166254537,1.269897498
Georgia,GEO,,,,,,,,,,,,,,,,,,,,,,,,,,,,,,,,,,,0.162971485,0.394869412,0.588599049,0.742519143,0.672131917,0.913489217,0.896407522,0.396185063,0.466046506,0.366055178,0.476608324,0.594735625,0.527477118,0.650441312,0.728572769,0.824383218,0.822435593,0.656344101,0.738300445
Ghana,GHA,0.557107449,0.573773089,0.673780416,0.635276827,0.531662681,0.905500291,1.629529259,1.034657689,1.975004451,2.051361887,2.770155951,3.697100105,2.372135571,2.269356413,2.416236282,2.260667489,1.770489656,1.21017087,1.263079822,1.219504591,0.861337147,2.36461546,2.008955778,,,,,,,,1.127393057,,,,1.034585722,1.133291759,2.953056915,2.676800357,2.385609623,1.912888219,1.826374505,1.651748695,,1.099588327,1.207380222,1.079056191,1.047887049,1.341957508,1.084833798,0.974218617,1.087469187,0.827186537,
Guinea,GIN,,,,,,,,,,,,,,,,,,,,,,,,,,,,,,,,,,0.993835563,0.945664349,1.18214037,1.27963204,1.668052201,1.188745964,1.109377117,1.237592159,,0.819226753,0.358021136,0.409044369,0.395323306,0.373654277,,,,,0.398418374,0.408053056
"Gambia, The",GMB,,,0.330720606,,,,,,1.816377179,3.130654106,4.104530368,4.395602382,3.021925421,2.614202885,2.240213622,2.323669617,1.728853684,1.893210279,0.994902878,,,,,,,,,,,,,,,0.738486319,0.897702999,1.507364316,1.70047553,0.792191622,0.698166854,1.614450277,2.32362447,2.248850956,1.940122099,1.436855163,2.126326103,1.944542273,2.090174099,1.279047308,1.421590633,0.752870031,1.129203956,0.844023911,1.044938468
Guinea-Bissau,GNB,,,,,,,,,0.135533454,0.154605953,0.181212301,,,0.168987705,0.267346134,,,,,,,,,,,,,,,,,,,0.480712473,,,,,,,,0.355182307,0.249258553,0.605912294,,,,,,,,,
Equatorial Guinea,GNQ,,,,,,,,,,,,,,,,,,0.065353297,0.070077735,0.839802573,0.141926199,0.180756623,,,,,,,,,,,,,,,,,,,,,,,,,,,,,,,
Greece,GRC,8.552221444,8.996211096,8.839558107,8.462594927,9.261241361,8.648814136,7.569356501,7.375567902,6.495730429,6.512193271,6.770960342,7.354297143,6.921402881,5.416124745,5.154785998,5.655855906,4.950545476,4.84932329,5.415714604,4.708099968,4.148670431,4.343673994,4.384886706,4.299678098,4.483276052,4.213169202,4.45097464,3.937559887,3.474678117,2.950619322,2.27685929,1.878147793,2.357785424,2.481830802,2.096834436,2.156960155,1.905216292,1.6127758,1.520428573,1.467190877,1.637710866,1.322317277,1.276659393,1.221614944,1.16795519,1.214190919,1.056895085,0.963111739,1.048112995,1.09959022,1.084746524,1.147701972,1.064410875
Grenada,GRD,,,,,,,,,,,,,,,,3.719677327,2.957049902,2.770599988,3.690457488,,,,3.524355292,3.242105948,3.903059237,4.001941737,4.903168748,3.219038658,3.494677085,2.410155027,,2.658026981,3.556552482,2.522344405,2.847928474,2.879550513,2.013142904,2.416863938,2.208237074,1.993389257,2.39827302,2.298525517,2.638362524,6.154985583,3.251581569,2.170391634,2.248834995,1.753258243,,,,,
Greenland,GRL,,,,,,,,,,,,,,,3.563814238,2.102042238,1.647923336,1.850607934,1.70881632,1.419347209,1.532007082,1.292005283,1.426576694,1.448880351,1.768812897,1.466221692,1.524001943,1.08312395,0.934226181,1.066747449,1.152382524,1.054585619,,1.222730157,1.145322944,0.894215526,1.026163862,1.252160541,0.835847523,0.943052932,1.185193507,1.703585796,1.747885278,1.231315969,0.713862717,0.885758409,0.794964087,0.750327013,0.656804725,0.613643612,0.800824663,0.692771669,0.631039448
Guatemala,GTM,,,,1.352471213,1.591621139,2.034513652,1.598777841,1.436570601,1.772642296,1.926300683,1.718527488,2.027388538,2.216404964,1.068772169,1.742868584,1.097968343,1.169164666,1.47440306,2.218290288,1.489061068,1.403564889,2.238074005,1.662851455,1.810565316,1.917065569,1.866493653,2.063289176,2.353574132,1.645169744,1.732661043,1.333003105,1.490778778,1.20792551,1.507425439,1.416320696,1.933659868,1.689844701,1.377433425,1.657331804,1.261353609,1.307268859,1.238268195,1.183466579,1.208389212,0.969894716,1.150454558,1.1652742,1.21050236,1.312808961,1.420998443,1.422494173,1.305591035,1.237302714
Guam,GUM,,,,,,,,,,,,,,,,,,,,,,,,,,,,,,,,,,,,,,,,,,,,,,,,,,,,,
Guyana,GUY,,,,,,,,,0.389033684,0.381034353,0.249872192,0.224368346,0.236927488,0.271828376,0.288439881,0.243122601,0.241425014,0.307862764,,0.314402721,,,,,,,,,,0.466753923,0.342216425,,,,,0.417707061,0.525191598,0.625556291,0.54497706,0.278022341,0.542645426,0.45740198,0.311000911,0.534778355,0.230192407,0.367000753,0.304874765,0.435667005,0.451903515,0.359120325,0.389240592,0.385772932,0.352732336
High income,HIC,12.95502037,11.72779726,11.18571036,10.4062097,10.23287968,8.734047261,8.357459613,8.083723547,7.20239822,6.739642534,6.513987797,7.051685051,5.521486947,4.709972815,5.289762673,5.158493174,4.849338058,4.821017738,4.186387171,3.691449045,3.507892737,3.664540385,3.793902206,3.502755377,3.551780147,3.761374414,3.716898293,3.556933096,3.089868797,2.753569364,2.71596027,2.649606635,2.790195415,2.829674653,2.4379485,2.333746048,2.123426253,1.963720072,1.863709702,1.749818381,1.722730532,1.639478164,1.564553076,1.451081366,1.376334743,1.319854103,1.181000742,1.138541945,1.266993537,1.313702881,1.200846681,1.229970354,1.21587691
"Hong Kong SAR, China",HKG,10.25563864,10.35345592,9.813101421,9.427385731,9.369784426,8.620416524,9.290141204,7.187243837,6.734666628,6.429690458,5.995729457,6.701534041,6.240264151,6.950818902,7.108473987,6.394649104,5.610063442,4.763654418,4.484059825,3.574751596,3.43891057,3.757959761,3.885807004,3.430740271,3.219899459,3.614099801,3.103562203,2.786080356,2.150283704,2.17789544,1.765848801,1.455157708,1.623909059,1.677039908,1.613021075,1.474842099,1.431853889,1.32678671,1.204243118,1.148374891,1.096627976,1.036686891,0.900771887,0.756072186,0.728136769,0.607516299,0.611836532,0.54906403,0.602081398,0.605293357,0.577687774,0.659240573,0.436133625
Honduras,HND,,0.270021163,0.288606141,0.42712547,0.6754254,0.470097761,0.520218722,0.491801425,0.385677068,0.557285508,0.760370359,0.698569936,1.041611421,0.975850341,1.375272809,1.088986533,1.090784946,0.739788819,0.70343927,0.653786375,0.699232469,0.817270628,0.779284946,0.530296058,0.698808648,0.67573353,0.748832996,1.027847625,1.174133345,1.457613623,1.430342931,1.358315109,1.044373833,1.085028335,0.874774252,0.787001688,0.833229993,0.643219455,2.395440793,0.821208612,0.946403742,0.859890595,0.744575512,0.763709744,0.958301015,0.869605128,,1.294751992,1.064249223,0.979035972,0.940951922,,0.930008309
Heavily indebted poor countries (HIPC),HPC,,,,1.516152395,1.581917631,1.568514528,1.66509409,,1.584818295,1.700199688,1.515233806,1.658578788,1.58328487,1.396319787,1.147489499,1.238547089,1.136888489,1.003264764,,,,,,,,,,,,,,,,1.598763825,1.587982384,1.674738974,1.797861079,1.568279108,1.685248882,1.35585061,1.372597975,1.221533886,1.187857505,1.103291362,1.312266313,0.908153835,0.894938003,1.104039841,0.956759136,0.913083226,0.985013151,,1.004994186
Croatia,HRV,,,,,,,,,,,,,,,,,,,,,,,,,,,,,,,3.64950698,1.997091316,1.794528047,1.75233061,1.844910982,1.813503658,1.506969171,1.386274129,1.5734788,1.540618756,1.582464098,1.52071903,1.421446123,1.303172084,1.152888534,1.10400123,0.981502518,1.058632629,1.106784809,1.120910571,0.951590206,0.942891626,1.131855513
Haiti,HTI,,,,,,,,,1.73788459,2.497088066,2.018763929,3.403892927,3.577863505,3.335709005,3.13632859,2.837803058,3.869142389,2.601961242,,1.867262638,,,,,,,,,,,,,,,,,,,,,,,,,,,,,,,,,
Hungary,HUN,,,11.96468694,11.40564059,47.75273009,11.06639506,10.72406335,9.578577739,9.069127745,7.247061307,7.192216159,7.66830232,7.112268746,6.808449702,7.179551969,6.48457147,6.701390338,6.565165672,7.070281131,5.891377985,4.875967231,5.265323043,5.514285951,5.2060079,5.253258946,5.005901473,5.404238356,4.610476294,3.640510393,3.44105214,2.973708384,2.60020964,2.630718586,3.019954369,2.637868799,1.990787779,1.658650377,1.455427437,1.463119169,1.236301253,1.277105079,1.28550193,1.223710246,1.048051318,0.889294004,0.828556484,0.805194111,0.766033553,0.993447992,1.28093245,1.249194567,1.207294629,1.169322894
Indonesia,IDN,,,,,,1.417593769,1.462724842,1.814285378,1.228927004,1.657595046,1.666558576,2.127722597,2.487127134,2.812803821,2.451909258,2.825019259,3.201976336,3.660932879,3.535046128,3.19719692,2.569323746,2.635458584,3.912735062,4.107583762,4.106349329,4.993921721,5.376868144,5.423323941,4.684071268,4.740998349,5.610966517,5.21185652,5.625641179,6.182260473,5.453080939,4.745813394,6.682300162,7.107676425,7.178887228,7.474476626,5.803491109,5.311865459,4.552013558,3.453471487,3.412065183,3.512011988,3.039945203,2.801006422,3.062639439,3.186346622,2.62223895,2.719427884,2.894253504
Isle of Man,IMN,,,,,,,,,,,,,,,,,,,,,,,,,,,,,,,,,,,,,,,,,,,,,,,,,,,,,
India,IND,9.242249308,8.603457071,8.383790138,7.394065716,7.546464871,7.324467768,7.117123898,8.875219597,9.207277055,8.625123349,8.665130818,4.890866767,1.942384026,2.542802904,3.003358344,8.798452376,5.441364065,3.493392765,1.741334868,2.521702284,,2.903893688,3.076247866,3.422505143,3.618060895,4.023251744,4.525851677,3.917145797,3.990510395,3.119578898,3.724381989,3.415865304,4.413485798,4.022419934,3.184360855,3.591948884,3.288471402,3.442591551,3.491979322,4.026226954,3.317816503,3.291205219,2.836810025,2.149814351,1.793607656,1.870574638,1.565038738,1.635343283,1.776209565,1.771862,1.827499091,1.788991089,1.896625912
Not classified,INX,,,,,,,,,,,,,,,,,,,,,,,,,,,,,,,,,,,,,,,,,,,,,,,,,,,,,
Ireland,IRL,,6.527154053,6.541375767,5.705123942,5.465154846,5.56525,5.762825598,5.075681406,4.756084277,4.247780868,4.420098101,5.277968931,5.234738254,3.267037045,4.011409366,3.658397518,3.039548768,3.052324863,2.754316082,2.775823363,2.293573167,2.219613404,2.200741008,1.997157384,2.04675278,1.98516102,1.963839545,1.857750552,1.806851814,1.601305361,1.415448948,1.269884143,1.400542289,1.234771624,1.174004633,1.102815198,1.010521542,0.950021023,0.946476219,0.857420426,0.859502138,1.053187667,1.034153534,1.01467,0.983392221,0.984380291,0.743654185,0.668903245,0.711220377,0.677046683,0.673542683,0.673542686,0.69732425
"Iran, Islamic Rep.",IRN,,4.963892764,5.367747221,4.580558254,4.813759143,4.048657837,4.174047672,4.681562567,5.659790698,3.919754616,4.285245663,4.193127027,4.535559459,2.828605543,2.460303884,2.647311075,,,,,,,,,,,,,,,,,,,,2.442445887,2.33233557,2.800365129,2.626725141,2.281694128,1.874593964,2.047074828,2.191577647,1.923351617,0.640166184,,,,2.358077441,2.381144881,,,
Iraq,IRQ,,3.314560993,,,,,,,,,3.15846308,2.412877509,3.65105781,2.840243849,2.495592176,,,,,,,,,,,,,,,,,,,,,,,,0.0864375,0.12004267,0.105810573,,,,,,,,,,,,
Iceland,ISL,4.287424839,4.4517858,3.475306306,3.566357778,2.98737369,2.829160486,2.396244749,2.632789339,2.763287301,2.652147238,2.933728543,3.051478189,3.408719991,2.441830419,2.694722684,2.91015029,2.765631628,2.530729274,3.182327851,2.85614444,2.696590355,2.819286825,2.618432168,2.309228085,1.842855654,1.955243572,1.973233036,1.860903057,1.746594557,1.639096535,1.652396583,1.710535962,1.534824542,1.58404979,1.380308206,1.544644099,1.858520306,1.070118261,1.3105578,1.418731147,1.505521446,1.80024383,1.578473603,1.33232222,1.163670224,1.405105663,1.178187126,0.851740127,1.231066152,1.035077262,0.892582581,1.015515812,0.899392206
Israel,ISR,8.74664003,7.391231016,7.700886667,7.424538896,6.1875928,6.117957457,5.6671283,4.987091675,4.635643385,4.024720804,4.062894789,3.726665284,3.429419701,3.031532612,3.238721509,3.162456492,2.824328155,2.738417452,2.506007429,3.101264642,2.592283382,2.198343575,2.525904497,2.326003881,2.288643997,2.343524871,2.188280624,2.315779525,2.418267336,2.044809664,1.844381866,1.605653952,1.609150367,1.565342874,1.28084007,1.27779102,1.179612624,1.123974188,1.021486732,0.965968052,0.999842644,1.111076114,1.01229434,1.046335484,1.108190979,1.221195576,1.097526769,1.129794579,1.195812585,1.080838583,0.97169702,1.011337265,1.020812309
Italy,ITA,16.56605694,14.57160368,15.11532876,13.95484524,14.54314375,12.92804426,11.89545887,11.92367543,10.18429579,8.488658451,9.052909689,10.14316532,7.941612309,7.11245352,8.584667149,8.073556859,7.979211332,8.574385138,7.027463266,6.320861704,6.149095782,6.100031772,7.052124919,6.568241025,6.273181944,6.339865457,6.597159759,6.210667941,5.526953373,5.030833405,4.810963746,5.050781767,5.739866233,5.701731507,4.862232401,4.722925655,4.361662257,4.000030592,4.088606005,3.697577585,3.458011018,3.174104123,2.842901809,2.654799342,2.535886086,2.412760637,2.106768595,1.981933605,2.243082573,2.340184925,2.17505861,2.367485748,2.373085995
Jamaica,JAM,2.844804976,2.860253925,,,,,,,,,2.322000989,2.788387699,2.679774997,2.422439778,2.506770187,3.015749158,1.996571952,1.892494813,0.934109009,1.526908522,1.793959622,1.914657965,1.735281797,1.520781212,1.852489342,1.702545385,1.84763894,1.320421346,1.232110465,1.734717218,1.640870554,1.870784091,1.941880245,1.615041828,1.530240118,1.669547282,1.489403871,1.621816026,1.510202658,1.295968874,1.44404404,1.30165562,1.580191847,1.41283499,1.522367429,0.919438088,0.798623358,0.919003383,1.034866773,0.800695742,0.605674598,0.792685501,0.979293202
Jordan,JOR,,,3.363011616,3.463365413,3.414190744,3.80475725,2.952850433,3.15884928,3.035300024,1.923060001,2.253307967,1.98084595,1.807210401,1.990019291,2.143236368,1.859835526,1.963143397,2.15798204,1.529224349,1.398104481,1.355062307,1.961931248,1.801868351,1.930240529,2.001475357,2.203257936,1.980128172,1.402402343,1.440020774,1.550337289,1.247552797,1.310451142,1.901707696,2.115840105,,1.616429472,2.04347518,1.717403027,2.285118392,1.993482659,1.629140143,1.63070704,1.415588406,1.183200556,1.294745012,1.270989811,1.392885867,1.269074863,1.343257433,1.304389426,1.156773031,1.125867643,1.188429295
Japan,JPN,23.71497162,23.72916874,20.74127828,20.36622014,21.29304458,19.14647863,19.34010743,17.9431579,16.18302698,14.61651017,15.56604361,17.10388962,10.94378422,8.863432788,10.22337966,10.15128432,10.19265632,11.15362642,8.637478821,6.70521405,7.046749026,6.788699804,6.94271028,6.681549196,7.441940827,8.769730514,8.470929318,8.221358757,6.559328485,6.035019272,6.123962586,6.658588628,6.059823006,5.556705259,4.845606304,4.566744782,3.613705094,3.523762131,3.08614683,2.767179146,2.575965691,2.49631579,2.368529039,1.993854048,1.961447336,1.776180747,1.502865093,1.443128953,1.566656183,1.656140575,1.378979289,1.430679662,1.310571655
Kazakhstan,KAZ,,,,,,,,,,,,,,,,,,,,,,,,,,,,,,,,,,2.093398578,1.540886156,1.190242136,1.281941284,0.792623081,0.943426424,0.910567659,0.701133516,0.918675575,0.725229021,0.866873108,0.863925811,0.858758271,0.623119736,0.648604854,0.604314565,0.646420589,0.613954282,0.544780061,0.485996501
Kenya,KEN,,,,,,,,,,,,,,,2.322752172,2.655962236,1.750779615,1.58914794,1.237514541,1.628403339,1.615620152,2.258075404,2.37770158,2.299856929,1.999826588,2.26144575,2.401937162,,2.865020719,1.816891433,1.85428065,2.567821712,2.139773703,1.883022173,1.909273238,1.980066342,2.629223472,2.593970873,2.453312388,2.083286688,2.20642271,2.071961176,2.140003206,1.748210021,1.878353935,1.897689427,1.311508685,1.360954874,1.549389657,,,1.344037809,
Kyrgyz Republic,KGZ,,,,,,,,,,,,,,,,,,,,,,,,,,,,,,,,,,2.655356158,1.478131238,,1.187810902,0.620687404,1.825259628,1.942825061,1.98870944,1.687517335,1.648032274,1.745868338,1.21346938,1.502162756,1.098929339,1.355640826,1.184461947,1.324062036,1.450827655,1.549486039,
Cambodia,KHM,1.366556071,1.307978418,1.444056605,0.993202815,0.900971295,0.99842263,2.616148442,1.013238586,1.441025464,2.84844386,2.281438118,,,,,,,,,,,,,,,,,,,,,,,,,,,,3.420734866,2.55862446,2.531611996,2.552430275,2.416353578,2.198994229,1.878371612,1.731415994,1.361884608,1.823749268,1.635700974,1.271300708,1.116357594,0.707957898,
Kiribati,KIR,,,,,,,,,,,,4.229792565,2.685520424,1.324225608,1.904484539,1.554418298,1.864254136,1.58901553,1.663922088,,,2.224637968,1.137791668,0.735286153,1.443071649,0.911921435,1.898581793,1.290366166,2.553233655,1.395695959,1.144468207,1.710239771,1.720909194,1.269110878,1.917633854,1.597041717,1.894938551,2.673629008,,,,,0.16905889,1.038851918,1.158546889,1.410492915,1.063963119,0.80145603,0.995279508,0.817956052,0.7765254,0.962107635,
St. Kitts and Nevis,KNA,,,,,,,,,,,,,,,,,,,,1.528262031,2.445794758,1.752462298,,,2.043414062,1.684741486,,,,,,2.431050011,2.426618158,2.481349486,1.914621464,2.085022335,,2.191549303,2.537918721,1.983200519,2.666366476,2.364557603,1.887722201,1.52737602,1.834336401,1.843130075,1.666670397,2.077208138,1.876478628,1.870083431,,,
"Korea, Rep.",KOR,22.16909373,17.49108309,21.66810608,22.19249613,18.22253846,17.16376581,15.33650206,14.08944248,15.40555921,15.03439591,14.90100058,17.08100156,13.28817031,11.41888408,13.41827308,13.61349528,12.17722834,11.7120648,11.25589595,9.318052755,9.05746043,8.765693027,8.59336109,7.906925399,8.910400224,9.69724778,9.97551728,8.945236254,8.058852768,6.748763869,6.419506102,6.477446678,5.674713987,5.504394864,4.63524533,4.189462119,4.057228225,3.707091644,3.181827667,3.178369565,2.94152999,2.547887416,2.244035782,1.947250342,1.766410092,1.733350733,1.547777637,1.57121875,1.729135847,1.758945057,1.56080628,1.552681809,1.501132154
Kosovo,KSV,,,,,,,,,,,,,,,,,,,,,,,,,,,,,,,,,,,,,,,,,,,,,,,,,,,,,
Kuwait,KWT,,,,,,,,,1.085400511,1.214737302,0.979050169,1.171500069,1.376879398,0.725282721,1.242459887,1.024385462,1.031519466,1.273883683,0.970447773,0.836064894,0.9309563,0.646796998,0.762482224,,0.601093546,0.999275241,1.05007374,0.877109357,0.863236094,0.853682791,0.63246098,0.883399109,1.005103564,1.1062555,0.928614017,0.827553598,0.797981003,0.96211686,0.394569255,0.378971726,0.35134117,0.345651501,0.254681053,,0.829915908,0.700560597,0.626448234,,,,,0.537657034,0.608760663
Latin America & Caribbean (developing only),LAC,4.118639377,4.106441694,4.426531587,4.292630558,4.140429164,4.125225856,3.567662511,3.880395747,3.454478585,3.38747965,2.857511613,3.214311777,3.286352963,2.405459239,2.747287668,2.850101045,2.642000899,2.712456134,2.385221073,1.923547823,2.302354415,2.737490364,3.118133637,3.131113136,3.266725779,4.700681681,4.038293569,3.6943132,2.978372956,2.692522486,2.294460063,2.551605866,2.234337028,2.260898911,2.066139116,1.943638192,1.799855472,1.617445731,1.608036281,1.43316901,1.443602958,1.567255454,1.536401924,1.404327331,1.339828254,1.278063326,1.21691289,1.175681696,1.268472133,1.299247925,1.079004639,1.018937408,1.024365119
Lao PDR,LAO,0.393287817,0.275015569,0.231906503,0.254881698,0.222813803,0.378006354,0.351424034,0.43876316,0.47770662,0.215259248,0.319142668,0.306638914,0.352958799,,,,,,,,,,,,,,,,,,,,,,,,,,,,,,,,,,,,,,,,
Lebanon,LBN,,,,,,6.605717195,6.432226891,6.538418679,6.279032235,6.212617587,6.359526452,6.380153795,,,,2.343665854,,,,,,,,,,,,,,,,,,,,1.940286228,2.059056077,1.947444787,1.761061728,1.798273706,1.698284169,1.54071446,1.372671345,1.303607521,1.188725863,1.330463103,1.228139395,1.246610963,1.144402267,1.176826248,1.037799165,1.01173737,1.208276053
Liberia,LBR,,0.790001943,,,,0.367522929,,,0.281978066,0.262138973,0.234573846,0.29123328,0.199455692,0.237098561,0.665509612,0.428209596,0.34583448,0.383194039,0.377692918,0.446746288,0.139122042,0.324464187,0.435662661,,,,,,,,,,,,,,,,,,,,,,,,,,,,,,
Libya,LBY,1.390597481,1.066328591,1.275878826,1.406863602,2.002533777,1.860396174,1.658397715,1.253378851,1.420884739,1.914309389,2.312838231,4.053871457,3.210872812,1.949226225,1.618696701,2.151845486,1.650645282,1.469339035,1.316932968,1.206716466,1.084034938,1.573790758,1.317873519,0.994204104,1.001402522,1.080290933,0.665288126,1.24113535,,1.991366751,,,,,,0.907090672,0.917730728,,,,,0.725869363,0.558879753,,,0.232703411,0.539161403,0.629277827,0.822894995,,,,
St. Lucia,LCA,,,,,,,,,,,,2.9747012,3.044470308,1.571108467,2.058812376,1.787312023,2.018920024,2.302220083,2.833097316,1.795867937,1.824667102,1.862180275,,1.929295398,2.20101839,2.212611087,1.989760736,2.522365106,2.407436749,2.083877767,2.046089985,2.16111493,2.474654571,2.428499222,1.882961469,2.135627205,2.3006643,2.103574767,2.350971953,2.307629659,1.986590547,1.715958283,1.636508101,2.140316545,1.900098531,1.600333503,1.456297505,,,,,,1.121719026
Latin America & Caribbean (all income levels),LCN,4.33434168,4.524088651,4.8703173,4.885584032,4.608343316,4.518637821,4.058861568,4.195374785,3.783610481,3.749649449,3.323653427,3.468631157,3.576861531,2.643913601,2.918056858,2.930268717,2.727680885,2.807611782,2.432994403,2.007519644,2.368586517,2.903180977,3.297496175,3.157046872,3.341840189,4.540404537,3.921109817,3.613906504,2.996762298,2.702717222,2.257858734,2.439121497,2.199566756,2.31231092,2.061726705,1.883510591,1.733072236,1.591424132,1.5924056,1.426464348,1.497486978,1.623919891,1.548402182,1.376578573,1.307842562,1.232290786,1.175526096,1.136191239,1.221176893,1.245319101,1.048074461,0.984926112,0.996324217
Least developed countries: UN classification,LDC,,,,,,,,,,,,,,,,,,,,,,,,,,,,,,,,,,,,,,,2.770456357,2.615753417,2.48347108,2.848647117,2.999893131,2.667246344,2.799333987,2.552730721,2.326316406,2.374297408,2.553291774,2.411869655,,,
Low income,LIC,,,,,,,,,,,,,,,,,,,,,,,,,,,,,,,,,,,,,,,2.147755624,1.738097768,1.833258008,,,,,,1.091905749,,1.110233418,1.091085228,1.113850976,1.158047487,
Liechtenstein,LIE,,,,,,,,,,,,,,,,,,,,,,,,,,,,,,,,,,,,,,,,,,,,,,,,,,,,,
Sri Lanka,LKA,1.626560468,1.114061591,0.927616223,2.099754568,1.17131098,1.838749003,1.157510724,1.38052515,2.10747103,1.889952224,3.090470707,,3.181348675,2.355532691,2.597313599,2.064510261,2.716050258,2.158500476,1.063575759,1.554481363,1.497309687,1.504474868,1.48791915,1.879218225,1.621166064,1.856746867,2.150528449,1.927150035,1.804513794,2.157496331,1.988011268,2.071115388,1.949936273,,,,,1.200999238,1.196047393,1.297813935,1.180279183,1.126278531,1.13743393,1.224089526,1.393509257,1.36211213,1.111400198,1.159375817,1.452803186,1.611728635,1.342822007,1.260196849,1.562937072
Lower middle income,LMC,,,,,,4.286753747,4.431478253,5.131170723,5.204850537,4.950062444,5.17027978,4.049958486,2.888699117,2.674886908,2.790844741,4.928187886,3.994467845,3.23030493,2.776777688,2.813100982,,2.911519342,3.245815566,3.382822966,3.495000482,3.864036888,4.363023281,4.112838761,3.93041137,3.510323868,3.791157046,3.471581827,,4.160636037,3.301972315,3.235639772,3.34983522,3.414592751,3.312777093,3.566431305,3.073543466,3.046991546,3.027794811,2.492533851,2.231628115,2.258020563,2.084257437,2.02307409,2.176044101,2.332651988,1.872703593,1.98673748,1.990910851
Low & middle income,LMY,,,,,,,,,,,,,,,,,,,,,,,4.657832182,4.010755956,3.958551147,5.075378038,5.689320009,5.038459066,4.406891258,4.200042607,3.748674605,3.11523523,3.612123662,3.903267302,3.553381355,3.446282628,3.118209277,3.040680722,3.129854747,3.073004791,2.854276564,2.784770236,2.727155737,2.483321333,2.41005164,2.359871287,2.216740861,2.164564482,2.3725589,2.596409514,2.31292649,2.226172019,2.169686159
Lesotho,LSO,,,,,,,,,,,,,,,,,,,,,,,,,,,,,,,,,,,,,,,0.849665415,0.946847455,0.813266047,0.757385696,0.854788303,,,,1.921958687,1.759898508,2.184747819,3.108808682,2.718193024,,
Lithuania,LTU,,,,,,,,,,,,,,,,,,,,,,,,,,,,,,,5.110930286,,2.635672971,3.906234788,2.806896376,2.60707868,2.645539925,3.06343613,2.993034511,2.860039143,2.679246872,2.455134673,2.452592635,2.265172064,1.940277378,1.946490268,1.42052894,1.630644105,1.655968884,1.686569822,1.673581047,1.849604897,1.995622808
Luxembourg,LUX,,,,,,,,,,,,,,,,,,,,,,,,,,,,,,,,,,,,,,1.094362252,1.102671996,0.982376562,1.115398106,1.190440489,1.188923806,1.041930864,1.19291898,1.166200542,0.996222267,1.59933585,1.064108186,3.340627733,2.715713665,2.260929149,1.922714031
Latvia,LVA,,,,,,,,,,,,,,,,,,,,,,,,,,,,,,,,,0.958672572,1.739646406,1.727705224,1.835115688,1.947598635,2.021843789,2.016314169,1.800955957,2.068953097,2.747045729,3.48261783,2.672494201,2.069017196,2.746339028,1.504120634,1.295633478,1.48130897,1.26788095,1.380509511,1.578668447,2.133808973
"Macao SAR, China",MAC,,,,,,,,,,,,2.11148345,2.275454873,2.005352385,2.149333711,21.85292937,24.46263665,8.256937009,6.787747324,6.478060816,,7.267815268,7.691558535,6.428101445,6.058775717,8.257069779,5.829364299,5.21699824,3.447345983,3.574804586,3.343791867,3.049914079,2.741782634,2.660656982,3.194962609,2.079809273,0.966413901,1.03302193,1.375781459,1.03697334,1.157897862,1.265043832,0.498742644,0.382648346,0.35496084,0.315732456,0.288853668,0.316381305,0.267945425,0.27186461,0.24436954,,0.291577096
St. Martin (French part),MAF,,,,,,,,,,,,,,,,,,,,,,,,,,,,,,,,,,,,,,,,,,,,,,,,,,,,,
Morocco,MAR,6.194239106,6.882037842,7.581996565,7.264026667,7.679423973,6.893552506,8.187691702,8.943214584,8.136569712,7.879172281,8.655707516,8.082235853,7.0356042,4.739401019,5.632019949,5.415808459,5.686897374,6.053694913,6.463049689,5.149686296,5.31915406,5.279212315,5.121032867,5.271929088,5.993326848,7.056529871,6.93978476,6.468134697,6.056120585,5.888194724,5.709275919,5.242215691,5.993386327,6.346190237,5.261698762,5.495547322,3.807994821,3.439338229,3.086357606,3.169896594,3.29378186,3.33504392,2.993891958,2.786253368,2.852560397,2.555461346,2.112965163,2.151252961,2.162505421,2.083894673,1.865725637,1.773214789,1.768219522
Monaco,MCO,,,,,,,,,,,,,,,,,,,,,,,,,,,,,,,,,,,,,,,,,,,,,,,,,,,,,
Moldova,MDA,,,,,,,,,,,,,,,,,,,,,,,,,,,,,,,,,2.475220102,2.57971429,2.607032837,3.861427081,1.790072444,1.857715394,2.396438136,2.490967205,2.522425625,4.110639362,4.70537272,3.991055639,1.809770681,1.662881127,1.397137293,1.419776411,1.311483366,1.377480269,1.356166534,1.386127122,1.394219445
Madagascar,MDG,0.750349469,1.251253958,0.738848897,0.899524738,1.19331158,1.401918261,1.474086834,1.085959716,1.665899818,1.408957198,2.262753454,2.103826558,1.823644181,2.086145697,1.527403718,1.703820533,1.61166442,2.523598323,2.672862881,2.67434627,2.348141591,2.5057387,2.845682527,2.140826991,,,,,1.36288469,1.196705393,1.422263654,1.617146929,1.299303097,1.841401918,1.275602753,1.320751547,1.105828574,0.579579782,0.340662329,0.651698898,0.170653911,0.424268449,0.738846531,0.36440692,0.9859764,1.031510814,0.622586293,0.619473565,0.964489241,1.090076922,2.077351224,2.659459228,2.951033467
Maldives,MDV,,,,,,,,,,,,,,,,,,,,,,,,,,,,,,,,,,2.096446364,2.121475303,2.579055622,3.219040585,2.363142224,1.830853143,2.225970817,1.894605626,2.234696806,2.911083251,3.551370745,3.384153367,3.716820992,3.159459235,2.089278844,2.203537043,1.588488261,1.985672722,1.785843294,1.841039285
Middle East & North Africa (all income levels),MEA,,,,,,,,,,,,,3.548334782,2.550925281,2.744456976,2.925713369,2.089906498,2.061555172,2.376821585,2.064084626,1.927030926,1.983811378,,,,,,2.241130965,,1.936071802,1.831519223,1.51297315,,,,,1.978880725,1.657810222,1.57916569,1.489134309,1.634211068,1.771258298,1.714795077,1.404921184,1.373643698,1.224501759,1.023072583,,1.548876757,,,,
Mexico,MEX,4.805586092,4.849709618,5.663072725,5.801245569,5.516565505,5.625590655,4.489146461,5.128857759,4.586979153,4.174380268,3.403147115,3.858332185,4.095930529,2.923242552,3.500684872,3.786389733,3.48918527,3.493478319,2.982029075,2.350029675,3.035705042,3.736292668,4.091064119,4.127066723,3.969217282,6.569001493,5.158196521,4.435423709,3.532216736,2.971692025,2.371536031,2.327856673,2.15755241,2.339262382,1.941709257,1.883710761,1.809880222,1.470928424,1.398644118,1.422178558,1.414013601,1.554079701,1.495491625,1.411590505,1.353776294,1.298883026,1.276891536,1.251302204,1.314822048,1.322297228,1.114243769,1.052010592,1.036747236
Marshall Islands,MHL,,,,,,,,,,,,,,,,,,,,,,,,,,,,,,,,,,,,,,,,,,,,,,,,,,,,,
Middle income,MIC,,,,,,,,,,,,,,,,,,,,,,,4.667610999,4.020474715,3.969370464,5.089823163,5.695195353,5.044647846,4.41579337,4.206632501,3.748042483,3.114133532,3.619181636,3.929251148,3.564460618,3.45864147,3.127218652,3.051408791,3.142571849,3.090322061,2.867474459,2.796285171,2.740188727,2.494745509,2.414946092,2.37447827,2.232890979,2.176803187,2.389735628,2.617105996,2.329175816,2.240954368,2.180851047
"Macedonia, FYR",MKD,,,,,,,,,,,,,,,,,,,,,,,,,,,,,,,,,3.439286413,3.320754351,3.650811122,4.68826969,2.527115158,2.197681125,1.833843916,1.839901931,1.625410312,1.596110357,1.478281904,1.313401595,1.212838551,0.985097807,0.879045102,1.197689836,1.042267594,0.970477225,0.875004297,0.901548798,0.841934722
Mali,MLI,1.676648621,3.682580925,3.075284581,2.336754814,4.356183602,2.812923968,5.087892814,4.513356444,4.122218333,5.078493906,3.476183566,,1.360878234,2.21606356,0.696557134,0.910464184,1.06315965,0.383211132,0.329176289,,0.529867384,,,,,0.757548288,,0.567569157,0.639275555,,,,,,0.7685784,0.979261984,1.116126032,0.929438702,0.850093145,0.656527063,0.644035408,0.695398503,0.556520153,0.500011292,0.414526223,0.527405035,0.429984225,,0.451497217,0.461202496,0.433971062,,
Malta,MLT,,,,5.17965553,5.879054063,4.32985771,4.260236279,4.433059636,3.143185655,2.442828086,1.998756324,2.400406845,2.150002005,1.410017976,1.503029529,2.245538278,2.234124599,1.984376184,2.090907781,2.038453771,1.440153678,1.475081534,1.543242867,1.468975986,1.361914871,1.434802476,1.459614192,1.114932427,0.97923819,0.880912002,0.962534292,0.857173933,0.947351937,,0.690638356,0.746939249,0.811434881,0.681424883,0.528859094,0.659687283,0.64985445,0.668639707,0.609661315,0.780560971,0.734052346,0.526307049,0.486528233,0.714300141,0.529754202,0.300892031,0.299753807,0.314224862,0.245115736
Myanmar,MMR,1.915699138,2.935700838,1.666610502,3.713777445,1.810512672,2.166512828,1.564905762,0.863813566,1.530993748,0.584056448,0.292863162,0.178727256,2.005327152,0.695688477,0.54905514,0.922805856,,,,,,,,,,,,,,0.561933393,0.416959817,,,,,,,,,0.284173107,,,,,,,,,0.435497833,,,,
Middle East & North Africa (developing only),MNA,,,,,4.995545879,,4.921105862,5.38274037,5.832430704,5.010278395,5.388729781,4.772493307,4.762897617,3.195245435,3.236297667,3.939716931,,,,,,,,,,,,,,,,,,,,3.358854284,2.884898592,2.927424693,2.589998797,2.375391096,2.304459657,2.688587057,2.649177081,2.41063234,1.958593384,,,,2.086535886,2.05075148,,,
Montenegro,MNE,,,,,,,,,,,,,,,,,,,,,,,,,,,,,,,,,,,,,,,,,,,,,,,,,,,,,
Mongolia,MNG,,,,,,,,,,,,,,,,,,,,,,,,,,,,,,,,,,,0.650483739,0.984252596,0.55596633,0.581613834,0.608231149,0.677373936,,0.615575474,0.515725493,0.447882724,0.37366432,0.292705974,,,,,,0.203693223,0.272256871
Northern Mariana Islands,MNP,,,,,,,,,,,,,,,,,,,,,,,,,,,,,,,,,,,,,,,,,,,,,,,,,,,,,
Mozambique,MOZ,,,,,,,,,,,,,,,,,,,,,,,,,,,,,,,,,1.281949946,3.286423078,1.560365964,2.334482217,,,1.294280084,0.669291514,0.817896097,1.107378743,1.200108263,0.972724135,0.953184921,0.87639744,1.014662221,1.200307831,1.014616264,0.84362477,0.91339234,0.927100559,1.283925485
Mauritania,MRT,0.657156339,0.831542458,1.81115089,0.466423206,0.644067301,0.543857596,0.6312402,,0.802812758,3.098354618,0.633630453,,,,,,,,,,,,,,,,,,,,,,,0.617418307,0.697078541,,,,0.333090725,0.346003413,0.30300224,0.688177952,0.256050192,0.234676555,0.610173808,0.484866358,0.526502608,0.475051539,0.498059434,0.473576814,0.410459467,0.289663181,0.296456328
Mauritius,MUS,,,,,,,,,1.295611887,1.600983894,1.146782408,1.041312567,1.42730261,1.761012094,2.19738633,2.613969916,2.906818427,,,,,,,,,,2.211560545,2.978198666,2.65663179,2.699985183,2.488130156,2.873020698,2.679211465,3.13248049,3.208986185,2.662089189,3.12042989,2.175643816,2.37660544,2.422380441,2.117615333,1.978714661,2.326625424,1.911854883,2.107837313,2.484113924,2.611131487,2.36037818,2.16876638,2.996541323,1.989111737,2.178840513,2.114235904
Malawi,MWI,,,,,0.610219144,1.010287133,1.151881408,1.379688661,1.105355223,1.017353294,0.895695508,1.084557338,1.037732081,1.087700171,0.810870533,0.652432334,0.584171021,0.696373194,1.032938154,0.828743504,1.259666598,1.541241739,2.114327986,1.456680605,0.93840493,0.425578185,0.856663118,,0.804749853,0.435214481,,,0.653619033,0.599711564,,,,1.289776005,1.53114249,1.710889801,1.057803673,1.341247516,1.077099744,1.021553207,0.996190863,0.96817161,0.83645339,0.997537606,1.127553171,1.208116643,1.242148436,1.507750586,1.98508957
Malaysia,MYS,,,2.566052532,2.740501687,2.438232753,2.259549588,2.311035731,3.250251521,2.148211686,1.934476912,2.40804631,3.03198915,2.017571066,2.05587542,2.964414908,3.051984178,2.493153152,2.063852755,1.865175438,1.667228691,1.362991489,1.345087072,1.583315561,1.268248695,1.47557259,1.789473594,1.696618842,1.633436035,1.376082128,1.082351907,1.097140395,1.183763622,1.221239865,1.262910251,1.417947593,1.34086506,1.498029541,1.453372005,1.348735905,1.335610168,1.191697953,1.148847271,1.205864888,1.2109249,1.284741811,1.463357984,1.559351835,1.959661069,2.002117735,2.49073435,2.526288472,2.14142399,1.754420384
North America,NAC,9.359671292,9.207848704,8.571653886,7.813053132,6.809553809,5.676980266,5.387437095,5.269500722,4.224508707,4.151015398,4.164451962,4.383202081,3.336953133,2.893594144,3.164846837,3.149316212,3.186998805,3.117021,2.483149303,2.339265591,2.128298408,2.460803673,2.250233805,2.05895643,1.990619901,2.081765438,2.083370603,2.105714472,1.864894131,1.722924338,1.808617899,1.919293195,1.957037637,2.045346156,1.947015044,1.83058574,1.677239556,1.598757648,1.409916861,1.382846011,1.357191929,1.278342731,1.38819364,1.308671285,1.202564545,1.069148884,0.950025349,0.865403101,0.965492154,0.983422817,0.89316237,0.913192776,0.932757932
Namibia,NAM,,,,,,,,,,,,,,,,,,,,,,,,,,,,,,,,,,,,,,,0.739086663,0.588149925,1.331184966,0.690457657,0.618280261,0.718678429,0.639973578,0.555806821,0.685210707,0.538950763,0.633470286,0.661055554,0.608577569,0.559566314,0.57708752
New Caledonia,NCL,0.808013697,,,,,,,,,,,,,0.628796088,0.868705357,1.019889763,0.79569476,0.970538568,0.987784428,0.842069265,0.732412668,0.93000336,,,,,,,,,,,,,,,,0.951214894,0.989681518,1.052939745,0.968006141,0.821008957,0.803383776,0.813196009,0.759892618,0.643003751,0.646933698,0.841308387,0.70323027,0.640267051,0.895913945,0.720111403,0.670436797
Niger,NER,5.023371973,1.475266262,0.873398852,2.938698644,2.940290748,3.409762575,2.461416263,2.081910931,2.288127272,1.461221744,2.071703582,1.448749779,2.971321087,4.008590696,0.744034833,0.437796081,0.18769227,0.39515007,,1.317125738,,,,,,,,,,,,,,0.718864189,2.019044417,3.853462934,3.605756391,2.98232925,3.779132332,3.357575775,3.013569767,4.326748177,2.958896576,4.01976032,4.494726429,4.713208935,4.707021155,3.212318302,2.09169733,2.57462187,2.59679387,2.557573224,1.427227915
Nigeria,NGA,0.67969534,0.660249533,0.622457507,0.868173357,0.746686893,0.699870186,0.80389721,0.572220154,0.838838419,0.498240118,0.735253048,0.640868496,2.212468246,1.033238153,0.414379248,0.304197774,0.435319961,0.489948718,,0.521181869,,1.133859499,1.542705839,1.994721397,1.199246494,1.63214752,,,,0.741464089,,,,,1.161737544,0.958569064,0.900318751,1.456142907,0.924592433,2.613246065,1.023789429,0.604137766,,,0.666261191,0.874917704,1.189247544,0.95448163,0.777493567,4.204435009,0.744813483,2.801155222,0.667986566
Nicaragua,NIC,,,,0.361976885,0.349269451,0.418869085,0.436408639,0.609258922,1.200722078,0.743704945,0.658702775,0.718861753,0.862608221,0.485702874,0.698256212,0.664433962,0.913494769,0.840879753,0.655153221,0.575806702,0.377942033,0.650666813,0.495469692,0.359416526,0.762902719,,0.837798519,1.791368593,1.105912574,0.932457553,0.597386026,0.732314548,1.01775483,0.87929104,0.922646573,0.713204079,0.8068574,0.820167269,0.607690564,0.514125671,0.759006473,0.488281786,0.464747457,0.50494048,0.493085955,0.473497005,0.339049786,0.596536088,0.701342895,0.687935465,0.720484025,0.828332101,0.873530904
Netherlands,NLD,13.78984694,6.972016947,7.160877849,6.650915208,6.13289528,5.574143203,5.289894731,4.975210579,4.322092405,3.964513001,4.001360606,4.244577595,3.915269802,3.045566242,3.500534152,3.200708586,2.994981943,2.936969278,2.628364389,2.377405837,2.342031577,2.428166616,2.488229663,2.350606328,2.516697607,2.520156602,2.523147549,2.622946309,2.447792578,2.138352759,2.229012554,2.244978957,2.439060722,2.371934186,2.173415344,2.132055454,2.142518555,2.033303752,1.77045463,1.588400363,1.706428208,1.675103679,1.568294488,1.494678257,1.460701324,1.480715779,1.374717864,1.440115067,1.455509057,1.77571758,1.553371184,1.493067656,1.518842385
High income: nonOECD,NOC,,,,,,,9.818018331,9.657194143,8.810100054,8.217933019,,,,,,,,,,,,,,,,,,2.916948761,2.559186799,2.339095044,2.070617661,1.764086837,2.009781528,2.065569989,1.727107894,1.5921905,1.416481024,1.317606909,1.287796337,1.208902469,1.227832308,1.191585865,1.061937358,0.909074935,0.87951275,0.811086817,0.726038504,0.76055795,0.704433592,0.700318309,0.66945906,0.683219415,
Norway,NOR,4.225531574,4.079868988,4.507970225,4.094381558,4.792013912,4.153698629,4.287207169,4.276097049,4.31577967,3.459856057,3.019721562,2.857705285,3.004114914,2.534152755,2.298061186,2.111181347,2.509711551,2.600066393,2.630876687,2.41640295,2.145337551,2.144130208,2.190147489,1.872328237,,,2.327296116,1.955389124,1.831609959,1.74915043,1.783838608,1.687215892,2.310469831,2.600973733,2.082057246,2.086187353,2.011565527,1.980236178,2.093749462,1.985275239,1.915455705,1.963927352,1.813735884,1.786398073,1.486635251,1.553093855,1.274917679,1.27320601,1.339407511,1.27496065,1.23081071,1.220295222,1.261261496
Nepal,NPL,,,,,,,,,,,,,,0.001165754,0.025296123,0.421473796,0.163208606,0.490572069,0.592198881,0.618826582,0.7744126,1.208747855,2.374553888,2.205020519,1.578433623,1.935511535,,,7.031175347,5.640050155,7.425643371,8.784172929,6.078010182,2.917328556,4.89576475,5.318041125,4.892968869,4.725909203,3.804347387,,,4.618916606,,,,,,1.951734866,1.8808152,2.313426753,1.394620947,1.993951678,1.541125687
New Zealand,NZL,,,3.527949504,3.196489576,3.128785664,2.953750613,2.640162414,3.097759195,2.917855478,2.320671574,2.238391316,2.80669417,2.400834868,1.435652232,1.738103871,1.923820228,1.898085354,1.936494367,1.668118667,1.536478704,1.504526764,1.339488671,1.574964093,1.485953847,1.333811104,1.439881809,1.394991108,1.19979266,1.194601497,1.085574483,1.189713799,1.211223445,1.181239861,1.195851691,1.038894626,0.954859506,0.652986185,0.848219403,0.934467358,1.015282896,0.960188745,0.886033133,0.890752308,0.785947795,0.78207448,0.684100509,0.631953992,0.686771878,0.610651435,0.618685964,0.621319134,0.655701452,0.670369299
High income: OECD,OEC,12.55923006,11.27718465,10.91082131,10.10680079,9.925884599,8.486759938,8.181621082,7.894291411,7.012159245,6.564350916,6.566477165,7.030694038,5.502753338,4.651974596,5.204977413,5.097079791,4.865550815,4.881912774,4.225021359,3.774924076,3.601891293,3.733779404,3.8400781,3.568933559,3.63086825,3.836863713,3.817397044,3.646613864,3.157711716,2.811709459,2.809341734,2.77435533,2.892919026,2.929709635,2.544130343,2.436607328,2.228436194,2.062727561,1.952702045,1.83347586,1.793524811,1.703548332,1.636451327,1.533714433,1.447418848,1.398450454,1.251253504,1.191223259,1.332104767,1.383387869,1.261309542,1.293767281,1.2813836
OECD members,OED,12.15960463,10.97573157,10.65792834,9.915725007,9.696776369,8.364252032,8.014153074,7.753746642,6.894696346,6.451522487,6.412398894,6.85827622,5.420827659,4.557569882,5.097873047,5.004305175,4.767248721,4.786010038,4.141753965,3.696347903,3.556030781,3.719990754,3.832625939,3.57695239,3.650800107,3.961013186,3.882078161,3.68625074,3.187701176,2.833610029,2.827136395,2.794410735,2.907508361,2.953774553,2.560332837,2.455375376,2.24974013,2.064608504,1.962919906,1.853399593,1.818429306,1.729359843,1.654874187,1.5491813,1.464436784,1.416179034,1.267213879,1.211979014,1.35556163,1.40428375,1.275244601,1.304637678,1.291998728
Oman,OMN,,,,,,,,,,,,,,2.213062234,2.009073068,1.9220134,1.343714801,1.064757152,1.472011671,1.152766342,1.169756175,1.148071431,1.139146644,1.073649423,0.954516116,0.839662321,1.039561277,0.586627223,0.779872988,0.688946554,0.671544248,0.772081781,0.861322688,0.86125239,0.681082663,0.759434308,0.660888699,0.778496499,0.689608743,0.652528018,0.612360811,0.007745909,0.463140706,0.500575106,0.568090508,0.504161005,0.523689166,0.571160238,0.634806693,0.505263898,0.528514031,0.392922743,0.49005154
Other small states,OSS,,,,,,,,,,,,,,,,,,,,,,,,,,,,,,,,,,,,,,,1.36461912,1.436181368,1.422984393,1.265111228,1.235951309,1.166488367,1.195118087,1.339740507,1.521168164,1.316341483,,,,,
Pakistan,PAK,4.542226947,3.602630303,2.973011,2.802482378,3.185286984,2.912905934,3.166474003,3.475403627,3.638826278,3.520936701,4.512404501,6.054060092,3.863335845,3.496949469,3.565246845,4.38821999,3.756553613,4.038471226,3.358637681,4.361497769,3.921941827,3.87716848,5.476485442,3.515251632,3.972797791,4.648288099,4.246944291,4.295271591,3.96722539,3.789951842,3.738078227,3.557234551,,5.53759941,3.705935945,4.056084637,4.820699146,6.169729966,3.301475817,4.376097281,4.84598069,5.042200625,5.85219232,4.268135191,3.646651183,5.0118009,4.937102913,4.252009454,4.916789293,4.94379624,3.834866973,4.291679196,3.85166306
Panama,PAN,0.374556635,0.429124025,0.486913201,0.44679227,0.429178358,0.467986119,0.607343077,0.4935538,0.757244298,0.64298071,0.681326498,0.748358436,0.601059784,0.396612744,0.347875895,0.45184071,0.530218995,0.580582744,0.575603334,0.604905989,0.493009041,0.461890969,0.488146052,0.441394764,0.802420888,0.795558894,0.999766327,0.975737469,0.707907587,0.699732337,0.614600595,0.582949031,0.803549123,0.803016531,0.668224311,0.518900042,0.393912853,0.427274237,0.479107177,0.499109282,0.540042367,0.582662592,,0.522862292,0.232002042,0.226178777,0.212862962,0.22990913,0.233162414,0.227631845,0.396189748,0.37296665,0.296363681
Peru,PER,2.977685032,2.857197185,3.029034838,3.539861456,3.343866328,3.256695536,3.653301321,3.355987452,3.764453919,4.395058977,3.514948324,3.099484535,2.628596781,2.315626107,1.671701003,1.981606571,2.371259297,2.877486396,2.826686866,,1.69815866,1.696264663,2.930368031,2.628679401,3.228864554,2.950381722,3.031045077,2.033738858,1.787641146,1.904296195,1.570178971,1.851847471,1.872976243,1.896041522,1.303996233,1.511351237,1.984906796,2.10997935,1.806376377,1.880378759,1.842181183,1.842355684,1.954877448,1.778411246,1.504560656,1.610292519,1.429592037,1.350961328,1.654092593,1.719158731,1.357363803,1.236191807,1.224563876
Philippines,PHL,6.614481117,6.373649169,5.331306045,4.091618571,5.781942759,3.873098215,5.29916381,4.567297845,4.976390813,5.155980731,4.774564832,5.001654041,4.119317713,3.080286512,3.19211101,3.453249228,3.09014678,2.785334983,2.149929122,2.18565729,2.272354376,2.150736955,2.026258794,2.225109977,2.965868632,2.910278878,3.016341758,2.790884991,2.426914716,2.521158927,2.433475459,2.267094298,2.199735203,2.160227188,2.133215048,1.616940396,1.344985759,1.620182352,1.362291657,1.184428198,0.993401077,0.952665145,0.918761595,0.868464383,0.781979851,0.748247398,0.720932854,0.686124581,0.642964555,0.729156328,0.647252073,0.662908668,0.630845856
Palau,PLW,,,,,,,,,,,,,,,,,,,,,,,,,,,,,,,,,,,,,,,,,,,,,,0.881755799,0.967447398,1.308200246,0.804426845,0.896172562,0.753210976,0.949661193,0.809744075
Papua New Guinea,PNG,,,,,,,,,,0.249842397,0.23832518,0.308810866,0.27091495,0.285391383,0.28319428,,,,,0.310643166,0.30760675,0.345297056,0.374476175,0.363175521,0.460418011,0.480761716,0.414378339,0.364559592,0.435607902,,,,,,,,0.760440876,,0.710651621,0.587855809,0.682533641,0.712200412,0.647783916,,,,,,,0.421144728,0.405622217,,
Poland,POL,,,,,,,,,,,,,,,,,,,,,,,5.971408295,,,5.481512504,5.906665462,4.826643799,3.336678151,2.26169103,2.571583401,2.300259396,2.921485772,3.24402222,2.644947037,2.355410027,1.98922587,1.813789954,1.985985119,1.967836129,1.922656953,1.918001152,1.911352214,1.845950212,1.673595311,1.5944959,1.509249652,1.55544142,1.726465497,1.920588017,1.83182445,1.768961152,1.708499957
Puerto Rico,PRI,,,,,,,,,,,,,,,,,,,,,,,,,,,,,,,,,,,,,,,,,,,,,,,,,,,,,
"Korea, Dem. Peoples Rep.",PRK,,,,,,,,,,,,,,,,,,,,,,,,,,,,,,,,,,,,,,,,,,,,,,,,,,,,,
Portugal,PRT,14.86297746,16.04353556,15.20392591,14.01279852,11.12180601,10.51220299,11.51466498,10.75393832,9.180672906,8.227887565,8.703057109,10.61931359,7.731565669,6.700940388,8.043975148,8.934139436,6.474899589,7.069509682,6.654958691,5.943138896,5.249601076,5.639902666,6.878656667,7.320424345,5.960314832,5.016285182,4.725298001,4.103940934,3.813469431,3.320040203,3.03433086,2.885305642,3.362860976,3.615348624,3.172616414,3.181767649,3.217049196,2.568911418,2.565671473,2.380026904,2.280342403,2.182340707,1.596017038,1.62405636,1.611536333,1.681614528,1.53665619,1.417365432,1.644381124,1.820006898,1.718738924,1.813288889,1.739521571
Paraguay,PRY,0.367357554,0.296132559,0.252821068,0.240483728,0.326516833,0.214000341,0.243563891,1.727180428,0.290829284,0.233894923,0.296618584,0.875184055,0.403757984,0.287785087,0.344967689,0.390631734,0.352980426,0.340357533,0.502482021,0.612584418,0.555458093,0.381983375,0.298172503,0.208769362,0.258309462,0.196388282,0.243709743,0.19866824,0.125432814,0.231313241,0.154944038,0.142112117,0.175696001,0.182124349,0.217710311,0.216949075,0.252788064,0.399534385,0.509439444,0.852540693,1.070124445,0.982158399,0.790524984,0.784443106,0.544186727,0.489642293,0.458606972,0.630410961,0.599708716,0.700354649,0.669765696,0.633007998,0.836616572
Pacific island small states,PSS,,,,,,1.222365238,1.325921046,1.110805384,1.485613187,1.125242753,1.510206318,1.300107941,1.272367086,1.011803869,0.690892319,0.855220948,0.750416275,0.514300382,0.704374579,0.634701994,0.890768153,0.856206666,0.616078998,0.566090122,0.48925745,0.561373547,0.588779529,,0.853526543,,,0.626038899,,,,,,,0.63290981,0.585163217,0.495069928,0.48457044,0.51638433,0.613566146,0.556834479,0.586979678,0.598348622,0.68982619,0.706822645,0.63173177,0.675973173,0.788972868,0.83429666
French Polynesia,PYF,3.047421019,,,,,,,,,,,1.864346158,1.863324647,1.84645097,1.563899315,1.894567555,1.662064861,1.933421329,1.786647967,1.785903973,1.991952778,2.568620994,,,,,1.58083701,,,,,,,,1.475824339,2.205929708,1.853643372,1.893514866,1.858933089,1.837792047,1.409826746,1.295622944,1.65333424,1.347671081,1.655117084,1.497954914,1.139674909,1.044495605,1.18928175,1.074953532,1.042545959,1.014245945,1.050643326
Qatar,QAT,,,,,,,,,,,1.196858426,1.458739061,1.620771119,1.218469344,1.057762511,1.200180677,0.469242928,0.417977223,1.132861207,0.884989419,1.002100512,0.83911104,0.847199403,0.79160537,,,0.930525676,0.855798011,0.659119438,0.654327592,0.822432311,0.817781461,0.746069367,0.565286761,0.504481588,,0.555191667,0.714833643,0.637735339,0.644861594,0.783553504,0.616619963,0.474083839,0.709610899,0.567198345,0.529368353,0.46518352,,0.498783281,,,0.474633074,0.532634003
Romania,ROU,,,,,,,,,,,,,,,,,,,,,,,,,,,,4.239463624,4.366393725,3.056193173,3.541240336,2.896491201,2.224678051,2.317925613,2.174403471,1.840191847,1.523536268,1.406755723,1.398330643,1.305144108,1.285287796,1.207138219,1.103644784,1.04055403,1.072965415,0.979835755,0.996516999,1.210506912,1.36260906,1.589598738,1.740082834,1.675579875,1.618864904
Russian Federation,RUS,,,,,,,,,,,,,,,,,,,,,,,,,,,,,,,,,,,0.834530731,0.976412288,0.997265014,1.395462294,2.089740961,1.602608251,1.322409212,1.215825459,1.138650676,0.995679999,0.902786601,0.828265185,0.766551098,1.077072837,0.958035677,0.92183148,0.921659992,0.920885004,0.889097651
Rwanda,RWA,,,,,,,,,,,,,,,,,,,,,,,,,,,,,,,,,,,2.505470737,3.187799844,2.847515623,3.671140212,,2.971032872,3.568172075,4.023802658,3.731502481,2.400021251,18.48258531,1.978057934,2.342983224,1.648198086,1.401807516,1.547300255,1.713643542,1.852656518,1.706949565
South Asia,SAS,8.089799439,7.429414198,7.157931211,6.398150376,6.522208642,6.342043138,6.182191487,7.641791885,7.964828539,7.46762138,7.709319957,5.043147686,2.290771501,2.621299615,3.007604935,7.377542934,5.497162573,3.596353913,2.209932799,3.012614238,,3.265172572,3.582339516,3.474130429,3.573686801,3.958280527,4.310321876,3.87758509,4.0229173,3.269612636,3.695211174,3.531378523,4.289546127,4.159468724,3.355836452,3.801942366,3.671630624,3.723219868,3.544069369,4.11508636,3.5847629,3.731918128,3.565785697,2.764949511,2.400869785,2.698663107,2.384413966,2.308417997,2.627448837,2.581768308,2.082471938,2.118027408,2.150798228
Saudi Arabia,SAU,,,,,,,1.928495648,2.214135162,,,,,1.686515607,1.44512322,2.094257928,1.425718729,0.990784612,1.123256748,1.32513197,1.08343054,0.938802404,1.008445443,0.903216979,0.743688123,0.642784606,0.646773999,0.733431291,0.761555459,0.744646086,1.019354828,1.141830709,1.190098526,1.323952487,1.171767412,1.103079808,,1.011600727,0.866570454,0.989225999,0.985615398,0.966894204,0.891135817,0.783558813,0.718017198,0.667832952,0.685256545,0.229098964,0.25734898,0.932124895,0.84463313,0.769412307,0.730483025,
Sudan,SDN,,2.146974738,2.164778757,1.839069535,2.092092773,2.343636987,2.459967018,1.63981765,2.288784651,2.388461628,1.387948454,1.616638978,1.917769276,0.911015436,0.369386326,0.894455685,1.093949514,0.621649869,1.072737456,2.101824329,1.080734734,,1.068076291,1.359116344,,,,,,,0.945871458,2.038012494,1.577745884,1.844652844,1.569598675,1.768711339,1.053424211,0.740531578,1.00444047,1.011188896,0.94393915,0.868142005,0.662316278,0.676438374,0.42259514,0.264016486,0.196860511,1.080475995,0.735782097,0.412969922,,,
Senegal,SEN,1.136326864,1.068931024,1.060356915,3.405822863,4.17137424,4.52800436,3.981960843,3.086078657,3.099992507,2.840295284,2.726870439,2.642094464,2.269287672,3.163581459,,1.60518907,1.056912401,1.12586737,0.947166114,0.706668501,,,,,1.266882306,1.800192978,,1.259786731,1.778204199,2.25363215,2.487501187,2.521097528,2.163355904,,1.619178133,1.75216076,2.115699046,2.314808435,2.072889602,1.937115214,1.753786406,1.761777695,1.96177129,1.62625595,1.607977761,1.457971311,1.294582913,1.525797992,1.516881593,1.604904659,1.52200902,1.466211714,1.476947739
Singapore,SGP,25.72524367,20.95316045,16.75891753,16.934634,17.13333545,13.30758998,10.82318368,13.472518,10.2978321,8.035351463,7.657532304,10.86309182,7.460772419,5.6030663,8.223560902,8.071188037,7.411119055,7.198556178,5.748154071,4.089807805,3.228978233,3.821549891,3.430239913,2.70663279,2.784651584,2.771606293,2.872321651,2.181712722,1.677032896,1.411109217,1.173980327,0.934683489,0.873563246,0.892325323,0.73227875,0.618494336,0.538739733,0.491168198,0.399336313,0.380659017,0.411896033,0.465580806,0.410320997,0.385918966,0.376135739,0.354221642,0.321214138,0.305986722,0.346976864,0.389749211,0.362173218,0.364412439,0.347249036
Solomon Islands,SLB,,,,,,,,,0.128606669,0.227448271,0.712866062,0.36229728,0.427130408,0.239231565,0.122592612,0.207609034,0.203856289,0.116847444,0.098408399,0.135143777,0.647682087,0.722075775,0.600000861,0.395534966,0.417051645,0.271098632,0.344514023,,,,,,,,,,,,,,,,,,,,,,,0.623435026,,0.591183338,0.755827772
Sierra Leone,SLE,,0.540501675,0.250801196,,,,,,,,0.659170018,1.053646464,1.300030955,1.406379824,0.883941576,,,,,,,0.923932383,1.128368803,,,,,,,,,,,,,,,,3.616928566,,7.556419137,,,,,,,,,,,,0.558654109
El Salvador,SLV,,1.516159671,1.530537861,1.802093162,1.928378003,1.802486307,2.151367164,2.205791352,1.955935371,1.88609119,2.134078414,2.236510527,2.587603237,1.80140528,2.051367593,2.034443978,1.854893541,2.135533554,1.879301886,2.309782484,1.865565195,2.215360589,1.562923284,1.856698826,2.606900734,2.633826235,2.076773089,1.920093572,3.292307452,4.147438067,2.713021924,2.205621153,2.703975234,1.988443332,3.074212178,2.9249382,3.242618938,2.307331323,1.562041283,1.886701224,1.620742369,1.598782098,1.459808927,1.335612339,1.399577614,1.42135031,1.546715512,1.658790394,1.948826155,2.217949447,1.983308043,1.755974279,1.86675482
San Marino,SMR,,,,,,,,,,,,,,,,,,,,,,,,,,,,,,,,,,,,,,,,,,,,,,,,,,,,,
Somalia,SOM,2.479515464,,,,5.312100632,,,,5.476622276,5.047836055,3.861691967,3.758207092,4.668079406,2.92947711,4.432437548,4.057831804,3.87515843,7.173867048,4.162035295,6.339245219,7.066517801,,,,,,,,,,,,,,,,,,,,,,,,,,,,,,,,
Serbia,SRB,,,,,,,,,,,,,,,,,,,,,,,,,,,,,,,3.444441585,,,,4.105805426,3.884840506,3.427501431,3.885792062,3.569562225,2.446161656,2.033901114,,1.491076019,1.484974226,1.496720238,1.576872881,,,,,,,
Sub-Saharan Africa (developing only),SSA,,,,,,,,,,,,,2.939944016,2.124286488,2.304554401,2.395580003,2.121621985,2.304195027,,1.662110474,,,,1.913182857,,,,,,,,,,2.086877585,1.809948828,1.689689146,1.686937729,1.638794514,1.49504827,1.595915903,1.443005212,1.267643778,1.31243385,1.166536057,1.122438518,0.990588666,1.001122412,1.01082994,0.984920702,1.47648815,0.947174307,1.211971313,0.903227672
South Sudan,SSD,,,,,,,,,,,,,,,,,,,,,,,,,,,,,,,,,,,,,,,,,,,,,,,,,,,,,
Sub-Saharan Africa (all income levels),SSF,,,,,,,,,,,,,2.929843212,2.115661177,2.296438546,2.389859489,2.114625057,2.275357683,,1.651712408,,,,1.907114977,,,,,,,,,,2.083210075,1.807547416,1.689380854,1.682943521,1.636294623,1.493058403,1.592285223,1.441483435,1.268428822,1.30907587,1.165786811,1.123315617,0.991673242,1.005802245,1.01082994,0.984920702,1.47648815,0.947174307,1.211971313,0.903227672
Small states,SST,,,,,,,,,,,,,,,,,,,,,,,,,,,,,,,,,,,,,,,1.401732497,1.291595664,1.33940002,1.176583433,1.21855848,1.203281009,1.210747054,1.203392191,1.145930358,1.1067445,1.163338976,,,,
Sao Tome and Principe,STP,,,,,,,,,,,,,,,,,,,,,,,,,,,,,,,,,,,,,,0.193815337,0.408045716,0.336830046,0.789618329,0.957971868,1.085969708,0.864944857,0.78222669,0.509583125,0.463794664,0.855731889,0.774752019,0.833976747,0.793297349,0.866402961,0.805673314
Suriname,SUR,0.909385938,,,0.393739861,,,,,,,,0.338690761,0.269180154,,,,,,,,,,,,,,0.152674801,0.143839815,0.238263756,0.138880963,0.07503844,,0.098877898,0.069923512,0.102718763,0.123645193,0.092681033,0.22281974,0.036988663,0.053739162,0.097716244,0.075508648,0.050992012,0.039673722,0.03357543,0.027569915,0.022680345,0.100683707,0.090871791,0.070422815,0.065161465,0.053709212,0.085164998
Slovak Republic,SVK,,,,,,,,,,,,,,,,,,,,,,,,,,,,,,,,,2.212948382,2.808342366,2.473811669,1.908431809,1.735276133,1.744476527,1.840492621,1.632083348,1.611074519,1.514115129,1.376116575,1.270479428,1.149370513,1.182510254,1.028646859,1.133784873,1.390523978,1.497417689,1.423862109,1.387182236,1.091581716
Slovenia,SVN,,,,,,,,,,,,,,,,,,,,,,,,,,,,,,,4.470067883,3.666126576,,4.584442573,3.380298319,3.495346866,3.158029604,3.086906005,3.623982082,3.194229482,3.115282496,3.025680255,2.823745266,2.602283661,2.465323627,2.876611649,2.613538832,2.844683466,3.137230394,3.001442286,2.968798097,3.033214269,2.904576194
Sweden,SWE,5.006119135,4.630196969,4.315851229,3.924023069,3.656066198,3.423556477,3.054386063,2.936186221,2.4770105,2.400538994,2.378902252,2.540848548,2.253945103,2.281950476,2.387211708,2.440649518,2.182317543,2.176730215,2.154232739,2.383989917,1.930137588,1.878812523,2.100155252,2.087189555,2.467263517,2.534111023,2.484990525,2.21303433,1.853415278,1.831767529,2.069493454,1.817283388,2.01924096,2.181736223,1.567634993,1.673750786,1.704915167,0.984618715,1.843350279,1.75798531,1.817428784,1.729491984,1.643231466,1.508697115,1.340697578,1.432659607,1.364089173,1.269305643,1.355596493,1.364568378,1.334598305,1.341701549,1.290681856
Swaziland,SWZ,,,,,,,,,,,,,,,,,,,,,,,,,,,,,,,,,,,,,,,2.300553557,2.703902881,2.219352277,1.857859905,1.214755372,0.938879903,0.892871853,0.96671744,,,,,,,
Sint Maarten (Dutch part),SXM,,,,,,,,,,,,,,,,,,,,,,,,,,,,,,,,,,,,,,,,,,,,,,,,,,,,,
Seychelles,SYC,,,,,,,,,,1.096715084,1.08103019,1.249115034,0.877570275,0.462788954,0.660146779,1.230373069,0.691880056,0.907675333,1.569932024,1.342287213,1.319999345,1.041749454,0.999008775,0.836353635,1.132317751,0.856679874,1.120087623,1.766061057,1.794808402,1.468144693,1.812083531,1.308336391,1.388779885,1.450577182,1.30284634,1.623369283,0.855864326,1.105438169,1.038253516,0.7493526,1.088501028,1.447127809,0.661235878,1.016867208,1.321466468,1.242519942,2.084782765,,,,,,
Syrian Arab Republic,SYR,,,,,,,,,,,,,4.571489141,3.103742307,2.56053809,3.310543823,3.459070919,2.87094401,3.343303498,2.34564688,2.759461094,2.777393868,2.669714022,2.706987648,4.452251764,1.226493396,,2.740379072,1.88159576,,2.164374088,,,3.301528032,2.313639725,2.851957826,2.542833322,2.866395884,3.261781529,2.310965211,3.778830311,4.232528698,3.947198922,3.984484172,2.52845655,2.238271413,2.659854852,2.838286135,2.340510027,,,,
Turks and Caicos Islands,TCA,,,,,,,,,,,,,,,,,,,,,,,,,,,,,,,,,,,,,,3.109024535,2.231841017,2.470336823,1.894080586,2.119646359,2.690624814,,,,,,,1.35631301,1.205049401,,
Chad,TCD,2.38318855,2.356776794,1.954302952,2.046218782,2.327125852,1.905074294,1.560051481,2.479803111,1.898333742,1.694401763,1.866739362,1.890289174,1.771125009,1.409846749,,,,,,,,,,,,,,,,,,,,0.600127198,,,,,,,,,,,,,,,,,,,
Togo,TGO,1.440645527,1.700965398,1.221691315,1.071391731,1.121547977,2.282340127,3.060929273,3.003968928,2.253253215,3.25421647,3.251897752,2.910328494,1.616310437,2.237128449,1.46371714,0.991645089,0.703909344,0.87674766,1.360969625,1.64591815,,1.34253657,,,1.087014095,0.839015564,0.797754455,1.125821486,1.247811444,1.31582994,,,1.589126684,1.852042505,1.887910395,1.51052454,1.400020176,1.225028751,1.708929149,1.270441625,1.193949498,0.690686928,0.835452584,0.755709167,,1.13403943,1.24942994,1.326775081,1.357984792,1.316896607,1.232448525,1.039463134,
Thailand,THA,1.488871293,1.429359319,1.637556828,2.563954175,1.834610594,2.218441913,1.916721007,2.163530764,3.442167333,4.462711431,4.954185779,5.809765355,4.802705605,4.042397402,4.9925886,5.272132636,4.217520766,5.11338767,3.457823771,4.005352552,3.717269479,4.040865016,4.162381468,4.321961698,4.531266366,5.206982393,4.354019666,4.908537303,4.701892856,5.014942169,4.887390356,4.188320601,4.223704349,4.142913428,3.646237837,3.136709929,3.216049354,2.919597005,2.982316835,2.88840267,2.796367155,2.714658683,2.394838471,2.071291946,1.896074297,1.792776506,1.850148638,1.73738393,1.939605672,2.051882144,1.769742171,1.599861906,1.645787565
Tajikistan,TJK,,,,,,,,,,,,,,,,,,,,,,,,,,,,,,,,,,,,,,,0.702366274,,,,,,,,,,,,,,
Turkmenistan,TKM,,,,,,,,,,,,,,,,,,,,,,,,,,,,,,,,,,,,0.37211161,0.564207181,0.425790358,0.392679457,,,,,,,,,,,,,,
Timor-Leste,TLS,,,,,,,,,,,,,,,,,,,,,,,,,,,,,,,,,,,,,,,,,,,0.442957764,1.099087077,,,,,,,,6.261867348,
Tonga,TON,,,,,,,,,,,,,,7.044387042,5.593320959,6.101735887,4.673348775,2.389017434,4.129804709,4.441256377,6.837261552,4.427899189,4.460859429,3.983400151,2.76830857,4.155136155,3.15516955,3.748153397,4.67179807,4.092104646,4.160188561,3.791567797,4.893767061,4.130051883,,,,,0.495600859,0.326471557,0.275647054,0.361456047,0.066261101,0.466796748,0.095809064,0.041256071,1.788799255,1.57362916,2.18780557,1.450056586,1.528550831,1.377605104,2.136538435
Trinidad and Tobago,TTO,,,,,,,0.771629793,0.824965414,0.755062589,0.62485811,0.713275356,0.821782186,0.474757159,0.479228281,0.649080248,1.136766364,1.342322176,1.418134781,1.530487885,1.704214928,2.129789791,3.253633653,3.382421725,2.591028466,2.151216509,1.929569262,1.109123927,1.108380094,1.124723056,1.327505944,1.204279374,0.909205609,0.84704048,0.694188165,0.928101058,0.981001006,1.062932548,1.154526668,1.013155502,0.731132515,0.864593328,0.706545525,0.559244335,0.562360076,0.619258002,0.579888996,0.486254631,0.571267051,0.649439886,,,,
Tunisia,TUN,3.144234691,2.893428292,4.272115379,4.023647957,4.786374854,4.862878334,5.148011731,4.678922913,5.495684289,6.070227062,4.844740228,5.595377445,5.932712536,3.209155171,4.417712663,4.173528376,3.457583071,3.287266718,3.569544504,3.134808703,3.118804337,3.353382551,3.758822115,3.984464295,3.874517704,4.810737136,4.328343688,4.638086743,4.337644353,3.651647768,3.69347484,3.137706695,3.875879804,4.196118142,3.487913407,3.377987125,3.046548496,2.849437672,3.060139292,2.854926301,2.862245855,2.792358444,2.771854377,2.637007737,2.282753468,2.227025714,1.905095,2.032633095,2.136633845,2.005282035,1.954190286,1.76991163,
Turkey,TUR,5.198261242,5.874599872,5.895480387,6.983064458,4.708164528,6.680746046,5.285273279,4.811904234,4.658654213,4.421904928,3.44450334,2.818840499,3.304928789,2.329722645,2.068020119,2.056187574,1.619217724,1.804067103,1.62595571,1.81469933,1.938993659,2.896164907,2.892988843,2.962296744,4.16377116,6.04327602,5.159158866,4.53303498,4.26290245,3.8406625,4.758267524,4.892301151,5.237869814,5.587211596,4.733834212,4.689795084,4.377477487,3.342423764,3.703792756,3.940213366,4.16383319,3.683538647,3.116657419,2.783809089,2.743271674,2.752353629,2.244811611,2.431040865,2.899758202,2.869200086,2.459987327,2.477120872,2.453673224
Tuvalu,TUV,,,,,,,,,,,,,,,,6.745979507,3.745845819,2.088233346,1.225300621,2.508221074,3.249481203,,,2.623641389,,,,,,,,,,,,2.334812554,2.690845996,3.592545319,,3.219484731,3.661332974,,1.792517681,1.579484092,0.940229699,,1.10138449,,,,,,
Tanzania,TZA,,,,,,,,,,,,,,,1.476981744,1.300447709,1.357122303,1.209270578,0.83704248,0.953860976,,,,,,4.071605795,,,,,,,,1.209337148,3.423534216,2.132987144,2.237087005,2.172697121,2.518349734,2.246590442,2.505496932,1.87965046,1.653073466,1.119068899,0.800111759,0.765941682,0.76598361,0.872282706,0.85508999,0.748943474,0.808004573,0.690246098,1.04306357
Uganda,UGA,,,,,,,,,,,,,,,0.644520866,,,,,,,,,,,,,,,,,,3.176183516,2.613816797,2.798524761,2.879685128,2.307032688,2.482081926,2.118192811,2.471921506,2.563752856,2.005008293,1.897388657,1.591440037,1.36269331,1.010904659,1.025768041,1.013227535,1.06576682,1.05333703,1.117412798,1.359048078,1.539311222
Ukraine,UKR,,,,,,,,,,,,,,,,,,,,,,,,,,,,,,,,,,,2.396968526,1.936510563,1.946833315,1.672206353,1.504110743,1.533395259,1.320310396,1.331666217,1.351522864,1.32792281,1.167223119,1.020485665,0.898577772,1.08927681,1.088202568,0.975362955,0.940880291,0.973847068,1.072057558
Upper middle income,UMC,,,,,,,,,,,,,,,,,,,,,,,5.082606748,4.20564469,4.112721695,5.456905985,6.060497888,5.298752056,4.551420738,4.406888867,3.736408429,3.020011005,3.501813588,3.866143773,3.645872111,3.529860789,3.05663639,2.937475783,3.088016133,2.93814177,2.801794143,2.715449738,2.651901066,2.495426402,2.473627524,2.412792955,2.281488261,2.227733411,2.459131914,2.706989317,2.471077172,2.3189093,2.239531497
Uruguay,URY,,,,,,,,,8.00461757,8.058808305,9.265853044,,8.108644768,7.05652091,5.719494714,7.817481156,6.551948705,6.049310129,4.371580205,3.144811868,2.796106151,4.937072308,5.522092285,4.919379457,4.841696131,4.834988088,3.93510589,4.532847355,3.838925747,3.862539497,2.842356946,2.324047528,2.999135355,4.005799684,3.121777937,2.786821572,2.826564702,2.64182678,2.6123097,3.242382891,4.287106426,4.790937269,4.029452817,3.094306789,2.879277176,2.700580074,1.961570638,2.087579652,2.48828769,2.334528705,1.829046117,2.105244335,1.583138502
United States,USA,10.25964138,10.08365164,9.350527373,8.540877036,7.470432889,6.198012762,5.908925474,5.790970928,4.573803412,4.418209356,4.49834839,4.738631747,3.552048353,3.079480684,3.334647591,3.330706311,3.366233528,3.228722277,2.542826307,2.40034409,2.176640021,2.529082482,2.310592244,2.119526785,2.032740336,2.113230613,2.137598057,2.182044315,1.914403257,1.780964533,1.872625214,2.003186659,2.039822268,2.109301725,2.038878496,1.905393374,1.732081552,1.655294883,1.423395475,1.399138339,1.359236399,1.266307523,1.403217974,1.324530396,1.219474661,1.074773256,0.945137252,0.845506167,0.956694398,0.978162256,0.882318026,0.909530585,0.929395058
Uzbekistan,UZB,,,,,,,,,,,,,,,,,,,,,,,,,,,,,,,,,,,,,,,,,,,,,,,,,,,,,
St. Vincent and the Grenadines,VCT,,,,,,,,,,,,,,,2.013557326,,,,2.947142703,,,,,,,,,,,,,2.887464811,3.057838272,2.617074774,,2.714752181,2.774251038,2.54453034,2.447625767,2.312255208,2.866019416,1.953032098,2.881525543,2.357645404,2.344374792,2.313411908,2.105053548,1.772527575,1.867715268,1.305537796,1.431749591,,
"Venezuela, RB",VEN,2.926506341,2.738631925,2.778399517,3.133989969,2.895722411,2.849585937,2.86954497,2.890261537,3.311530446,2.568310677,2.612304314,3.004598775,3.522050628,2.456863515,2.420009127,2.303306793,1.822160703,2.428421298,2.709070864,2.368598694,2.277414837,2.91049546,4.126552955,3.520101174,3.184138704,5.036813355,4.644146759,3.983474387,3.738174769,3.183758499,2.538499789,2.361248324,3.116118685,4.481634903,3.142933491,2.119770532,1.526924943,1.557900263,1.824422946,1.307306183,1.410032306,2.027797513,1.746694015,1.093366907,0.922156019,0.748171887,1.301245708,0.952958552,1.184252323,1.25961024,1.050126894,0.849007279,
Virgin Islands (U.S.),VIR,,,,,,,,,1.032478737,0.653820716,0.408687104,0.397207174,,,,1.013405309,0.39359446,,,,,,,,,,,,,,,,,,,,,,,,,,,,,,,,,,,,
Vietnam,VNM,,,,,,,,,,,,,,,,,,,,,,,,,,,,,,,,,,,,2.40380606,2.472111191,2.925344702,2.910998894,3.361982329,3.120539771,3.207508844,3.788472395,3.766908809,3.987547864,3.15905122,3.174674685,2.97586998,3.548605778,3.946524152,3.301641935,3.281977786,3.546046447
Vanuatu,VUT,,,,,,,,,1.383157707,1.497995934,4.007332722,1.876001312,2.218203885,1.657929124,,,,,1.925835009,2.15803327,2.849120946,0.704175043,0.538400657,,,,,,,,,0.744561216,,,,,,,0.964250268,,,,,,0.890085787,0.823051292,,0.938549876,1.336830651,1.252183087,,,
West Bank and Gaza,PSE,,,,,,,,,,,,,,,,,,,,,,,,,,,,,,,,,,,,,,,,,,,,,,,,,,,,,
World,WLD,11.95840176,10.85653562,10.30946567,9.607092814,9.401571433,8.06869057,7.702800796,7.52114916,6.752364025,6.344050729,6.120743805,6.546965196,5.171047462,4.385156008,4.918962871,4.934440146,4.596552783,4.551988117,3.940133185,3.503367218,3.367955589,3.539408852,3.973067224,3.60992086,3.635011041,4.026838935,4.106012024,3.848683861,3.351406617,3.040411018,2.926409039,2.742381022,2.952722184,3.048631151,2.670462131,2.57694893,2.340437679,2.189321389,2.134015831,2.033031446,1.966582498,1.884571564,1.811221794,1.669147561,1.597533941,1.537720573,1.396722699,1.354768973,1.507324329,1.590733748,1.435736128,1.439545161,1.415838319
Samoa,WSM,3.385678841,3.202052681,9.52338266,8.684863849,3.254016082,3.509129522,3.346717302,4.484294644,4.734842807,3.414157251,2.618330254,1.07301541,2.147326151,0.592020791,0.704883069,1.701886979,1.561487865,0.950292535,1.067379236,0.582765897,0.655706285,0.754669507,,,,,,,1.883103394,,,,,,,,,,,1.417711234,1.386903915,1.512187626,1.716020944,2.093931947,1.777026532,2.233896138,1.804199822,2.169648979,2.298239511,2.276909196,2.480329998,2.733702787,2.471531524
"Yemen, Rep.",YEM,,,,,,,,,,,,,,0.109441919,,,,,,,,,,,,,,,,0.570206343,,,,2.351768131,2.013880676,1.640281598,1.584721929,1.459966407,1.516404219,1.622582944,1.311869542,1.174821415,1.121644957,0.871731864,0.661495694,0.676460499,0.628744723,0.8304986,0.814876477,0.712925912,0.637838102,0.888892679,1.384158711
South Africa,ZAF,,,,,,,,,,,,,4.361445523,2.962844719,3.82480742,3.876171381,3.419302076,3.875214051,2.518535805,2.185736365,2.128445632,2.594135221,2.579598071,2.146079972,,,,,,,2.161756494,2.286248594,2.183723313,2.306862475,2.015542609,1.712834875,1.53714727,1.49495845,1.478279986,1.353690288,1.469440464,1.397963277,1.271316856,1.083783514,0.987074154,0.939888795,0.877893249,0.872840759,0.962289185,1.012881329,0.895998799,0.85549131,0.867881041
"Congo, Dem. Rep.",COD,1.970213526,,,2.972560581,,,,,1.11614567,,0.877874482,1.11104741,1.001400834,0.672509825,1.26085979,2.765177899,1.761182183,,,,,,,1.839423094,1.792399159,,,,,,,,,,,,,,,,,,,,,,,,,,,,
Zambia,ZMB,,,,,1.223402817,1.000459656,,,1.108630966,1.25560691,1.101020431,0.958699564,1.546538417,1.224211797,0.65100423,0.831280327,1.246932982,1.149536819,,,,,,,,,,,,,,,,2.311534133,2.106171881,2.215542051,3.481859696,3.222613235,2.816743468,2.103113905,1.867401673,1.215644697,1.084086998,1.30022562,0.771756455,0.414636982,0.439414365,0.685698874,0.574763157,0.547610911,0.549198427,0.548870946,0.459809638
Zimbabwe,ZWE,,,,,,,,,,,,,,,,,,,,,,,2.398412806,2.75704269,2.906735882,,,,2.583668751,2.788371975,2.083998866,2.111367437,2.029862525,1.898955802,2.008597847,1.901059191,,1.668646957,,1.494997845,1.882559631,,1.818800752,2.397059369,0.999892447,1.1943109,0.511360715,0.425411569,0.430486431,0.445889236,0.541948774,0.499842438,0.437081062