Country Name,Country Code,1962,1963,1964,1965,1966,1967,1968,1969,1970,1971,1972,1973,1974,1975,1976,1977,1978,1979,1980,1981,1982,1983,1984,1985,1986,1987,1988,1989,1990,1991,1992,1993,1994,1995,1996,1997,1998,1999,2000,2001,2002,2003,2004,2005,2006,2007,2008,2009,2010,2011,2012,2013,2014,2015
Aruba,ABW,,,,,,,,,,,,,,,,,,,,,,,,,,,,,,,,,0.100000001,,,0.5,,,0.5,,,,,,,0.699999988,,,0.600000024,0.600000024,,,,
Andorra,AND,,,,,,,,,,,,,,,,,,,,,,,,,,,,,,,,,,,,,,,,,,,,,,,,,,,,,,
Afghanistan,AFG,,,,,,,,,,,,,,,,,,,,,,,,,,,,,,,,,,,,,,,,,,,,,,,,,,,,,,
Angola,AGO,,,,,,,,,,,,,,,,,,,,,,,,,,,,,,,5.099999905,,,,,,,,,,,,,,,,,,,,,,,
Albania,ALB,,,,,,,,,,,,,,,,,,,,,,,,,,,,,,,,,,,,,,,71.80000305,72.19999695,57.70000076,58.09999847,58.5,58.5,58,47.90000153,,44.09999847,,,,,,
Arab World,ARB,,,,,,,,,,,,,,,,,,,,,,,,,,,,,,,,,,,,,,,,,,,,,,,,,,24.18171816,,,,
United Arab Emirates,ARE,,,,,,,,,,,,,,,,,,,,,,,,,,,,,,,,,,8,,,,,7.900000095,,,,,4.900000095,,,4.199999809,3.799999952,,,,,,
Argentina,ARG,,,,,,,,,,,,,,,,,,,,,0.100000001,0.300000012,0.300000012,,,,,,0.400000006,0.300000012,0.400000006,0.5,0.5,0.600000024,0.800000012,0.800000012,0.800000012,0.699999988,0.699999988,0.800000012,1,1.399999976,1.200000048,1.100000024,1,0.899999976,1.200000048,0.699999988,3,3.099999905,0.600000024,0.600000024,0.5,
Armenia,ARM,,,,,,,,,,,,,,,,,,,,,,,,,,,,,,,,,,,,,,,,,45.29999924,46,46.90000153,46.20000076,46.20000076,46,37.59999847,39.5,38.59999847,38.90000153,37.29999924,36.29999924,,
American Samoa,ASM,,,,,,,,,,,,,,,,,,,,,,,,,,,,,2.200000048,,,,,,,,,,3.099999905,,,,,,,,,,3,,,,,
Antigua and Barbuda,ATG,,,,,,,,,,,,,,,,,,,,,,,,,,,,,,,,,,,,,,,,2.599999905,2.799999952,2.799999952,2.799999952,2.799999952,2.799999952,2.799999952,2.799999952,,,,,,,
Australia,AUS,,,,,,,,,,,,,,,,,,,6.5,6.5,6.400000095,6.599999905,6.199999809,6.099999905,6.099999905,5.800000191,5.900000095,5.5,5.599999905,5.400000095,5.099999905,5.099999905,4.900000095,4.800000191,4.800000191,4.900000095,4.800000191,4.900000095,4.900000095,4.800000191,4.400000095,3.900000095,3.700000048,3.599999905,3.400000095,3.299999952,3.200000048,3.200000048,3.200000048,2.900000095,2.900000095,2.599999905,,
Austria,AUT,,,,,,,,,,,,,,,,,,,,,,9.899999619,9.399999619,9,8.600000381,8.600000381,8.100000381,7.900000095,7.900000095,7.400000095,7.099999905,6.900000095,7.199999809,7.300000191,7.400000095,6.900000095,6.5,5.800000191,5.599999905,5.400000095,5.5,5.199999809,4.699999809,4.900000095,4.800000191,4.900000095,4.599999905,4.599999905,4.699999809,4.400000095,4.199999809,4,4.300000191,
Azerbaijan,AZE,,,,,,,,,,,,,,,,,,,,,,33.40000153,33.40000153,33.20000076,33.09999847,33.70000076,32.70000076,31.60000038,30.89999962,31.79999924,34.70000076,32.40000153,31.5,30.79999924,31.79999924,29,42.29999924,42.29999924,41,40,40.20000076,40,39.5,39.29999924,39.09999847,38.70000076,38.40000153,38.09999847,38.20000076,37.90000153,37.70000076,37.09999847,36.79999924,
Burundi,BDI,,,,,,,,,,,,,,,,,,,,,,,,,,,,,,,,,,,,,92.19999695,,,,,,,,,,,,,,,,,
Belgium,BEL,,,,,,,,,,,,,,,,,,,3.099999905,3.099999905,3.099999905,3.099999905,3.099999905,3.099999905,3,2.900000095,3,3.099999905,3.099999905,2.599999905,2.900000095,2.599999905,2.900000095,2.700000048,2.700000048,2.700000048,2.200000048,2.299999952,1.799999952,1.299999952,1.799999952,1.700000048,2.200000048,2,1.899999976,1.799999952,1.5,1.399999976,1.299999952,1.200000048,1.100000024,1.299999952,1.100000024,
Benin,BEN,,,,,,,,,,,,,,,,,,,,,,,,,,,,,,,,,,,,,,,,,,42.70000076,,,,,,,45.09999847,,,,,
Burkina Faso,BFA,,,,,,,,,,,,,,,,,,,,,,,,,,,,,,,,,88.80000305,,,,,,,,,85.09999847,,84.80000305,78.40000153,67.40000153,,,,,,,,
Bangladesh,BGD,,,,,,,,,,,,,,,,,,,,,,,58.79999924,57.70000076,57.09999847,,,64.90000153,,66.40000153,,,,,63.20000076,,,,62.09999847,,51.70000076,51.70000076,,48.09999847,,,,,47.5,,,,,
Bulgaria,BGR,,,,,,,,,,,,,,,,,,,24.39999962,23.70000076,22.89999962,22.10000038,21.5,21,20.39999962,19.70000076,19.29999924,18.70000076,18.5,19.5,21.20000076,22.10000038,23.20000076,23.89999962,24.70000076,,,,12.30000019,9,9.899999619,9.899999619,9.800000191,8.399999619,7.699999809,7.199999809,7,6.800000191,6.699999809,6.599999905,6.300000191,6.5,6.900000095,
Bahrain,BHR,,,,,,,,,,,,,,,,,,,,2.700000048,2.599999905,,,,,,,,,2.400000095,,,,,,,,,,1.5,,,0.800000012,,,,,,1.100000024,,,,,
"Bahamas, The",BHS,,,,,,,,,,,,,,,,,,,,,,,,,5,,,4.400000095,,5.199999809,5.199999809,5.400000095,5.400000095,4.300000191,5,3.799999952,3.5,4,,4.199999809,3.700000048,3,4.400000095,3.5,2.5,2.299999952,2.900000095,2.900000095,,3.700000048,,,,
Bosnia and Herzegovina,BIH,,,,,,,,,,,,,,,,,,,,,,,,,,,,,,,,,,,,,,,,,,,,,,,,,,,,,,
Belarus,BLR,,,,,,,,,,,,,,,,,,,,,,,,,,23.79999924,22.89999962,22.10000038,21.60000038,21.10000038,22.29999924,21.70000076,21.20000076,,,,,,,,,,,,,,,10.5,10.5,10.39999962,10.10000038,9.600000381,,
Belize,BLZ,,,,,,,,,,,,,,,,,,,,,,,,,,,,,,,,24.20000076,22.89999962,27.20000076,28.70000076,29.89999962,25,27.5,,,,,22.60000038,19.5,,,,,,,,,,
Bermuda,BMU,,,,,,,,,,,,,,,,,,,,,,,,,,,,,,,,,,,,,,,1.399999976,1.600000024,1.700000048,1.700000048,1.700000048,,,,,1.100000024,1.399999976,1.700000048,1.700000048,1.600000024,,
Bolivia,BOL,,,,,,,,,,,,,,,,,,,46.5,46.29999924,46.40000153,47.40000153,47.29999924,47.40000153,47.40000153,47.40000153,47.40000153,2.200000048,1.200000048,1.799999952,2.099999905,1.899999976,1.600000024,2.200000048,5.300000191,5.699999809,,37.09999847,36.79999924,41.5,39.59999847,35.09999847,35.09999847,38.59999847,39.5,36.09999847,34.29999924,32.09999847,,,,,,
Brazil,BRA,,,,,,,,,,,,,,,,,,,,29.29999924,29.5,27.10000038,29.79999924,28.60000038,25.89999962,24.60000038,24.20000076,23.20000076,22.79999924,,28.29999924,27.39999962,,26.10000038,24.39999962,24.20000076,23.39999962,24.20000076,18.5,20.60000038,20.60000038,20.70000076,21,20.5,19.29999924,18.29999924,17.39999962,17,,15.69999981,14.60000038,14.5,,
Barbados,BRB,,,,,,,,,,,,,,,,,,,,9.399999619,8.600000381,8,9.100000381,8.5,8.199999809,8,7.800000191,6.599999905,6.300000191,5.5,6.199999809,5.599999905,5.300000191,4.599999905,5.300000191,5.300000191,4.400000095,4.300000191,3.700000048,4.199999809,4,4.599999905,3.299999952,,,,,,2.799999952,3.299999952,2.799999952,2.700000048,,
Brunei Darussalam,BRN,,,,,,,,,,,,,,,,,,,,,,,,,,,,,,2,,,,,,,,,,1.399999976,,,,,,,,,,,,,0.600000024,
Bhutan,BTN,,,,,,,,,,,,,,,,,,,,,,,,,,,,,,,,,,,,,,,,,,79.80000305,,43.59999847,63.09999847,,,65.40000153,59.5,60.09999847,62.20000076,56.29999924,,
Botswana,BWA,,,,,,,,,,,,,,,,,,,,,,,,57.90000153,,,,,,,,,,,15.60000038,,20.39999962,,19.70000076,12.39999962,,21.20000076,,,29.89999962,,,,26.39999962,,,,,
Central African Republic,CAF,,,,,,,,,,,,,,,,,,,,,,,,,,,,,,,,,,,,,,,,,,,,,,,,,,,,,,
Canada,CAN,,,,,,,,,,,,,,,,,,,5.400000095,5.5,5.300000191,5.5,5.400000095,5.099999905,4.900000095,4.599999905,4.400000095,4.300000191,4.199999809,4.400000095,4.300000191,4.300000191,4.300000191,4.099999905,4,3.799999952,3.799999952,3.599999905,3.299999952,2.799999952,2.799999952,2.799999952,2.599999905,2.700000048,2.700000048,2.5,2.400000095,2.400000095,2.200000048,2.200000048,2.099999905,2.200000048,2.099999905,
Central Europe and the Baltics,CEB,,,,,,,,,,,,,,,,,,,,,,,,,,,,,,22.9683795,22.9102394,23.59105159,23.02138544,22.75994343,21.95245211,22.09822028,21.59590169,19.85780389,19.17868891,18.71864611,17.06872708,16.72358558,15.33214153,14.82993791,13.77459666,12.85568114,12.13188714,12.14380441,12.54615615,12.10764201,12.09365332,11.7482027,11.36667626,
Switzerland,CHE,,,,,,,,,,,,,,,,,,,6.900000095,6.599999905,6.400000095,6.400000095,6.199999809,6.099999905,5.699999809,5.300000191,4.900000095,4.5,4.199999809,4.199999809,4.300000191,4.400000095,4.300000191,4.400000095,4.199999809,4.400000095,4.400000095,4.099999905,4.099999905,3.900000095,3.799999952,3.700000048,3.5,3.5,3.400000095,3.599999905,3,2.700000048,3,3.099999905,3.099999905,3.200000048,3.200000048,
Channel Islands,CHI,,,,,,,,,,,,,,,,,,,,,,,,,,,,,,,,,,,,,,,,,,,,,,,,,,,,,,
Chile,CHL,,,,,,,,,,,,,,,,,,,16.29999924,15.5,16.20000076,15.80000019,16,20.20000076,20.60000038,20.89999962,20.29999924,19.39999962,19.29999924,19.10000038,18,16.60000038,16.20000076,15.69999981,15.39999962,14.39999962,14.39999962,14.39999962,14.39999962,13.60000038,13.5,13.60000038,15.10000038,14.80000019,14,13.5,13,12.60000038,11.10000038,10.39999962,10.39999962,9.199999809,,
China,CHN,,,,,,,,,,,,,,,,,,,,,,,,,,60,59.40000153,59,53.40000153,53.90000153,53.09999847,50.79999924,49.5,48.5,47.70000076,47.40000153,47,46.90000153,46.29999924,45.20000076,44.09999847,4.400000095,4.199999809,3.900000095,3.700000048,3.5,3.400000095,3,2.900000095,2.5,,,,
Cote d'Ivoire,CIV,,,,,,,,,,,,,,,,,,,,,,,,,,,,,,,,,,,,,,,,,,,,,,,,,,,,,,
Cameroon,CMR,,,,,,,,,,,,,,,,,,,,,,,,,76.90000153,,,,,,,,,,,,,,,61.29999924,,,,,,,,,,,,,,
"Congo, Rep.",COG,,,,,,,,,,,,,,,,,,,,,,,,,,,,,,,,,,,,,,,,,,,,35.40000153,,,,,,,,,,
Colombia,COL,,,,,,,,,,,,,,,,,,,1.399999976,,,,,1.399999976,1.399999976,1.399999976,1.299999952,1.299999952,1.399999976,1.299999952,1.399999976,1.100000024,1.299999952,1,1.200000048,1,1,1.100000024,1.100000024,21.60000038,20,20.5,19.79999924,21.79999924,19.10000038,17.79999924,17.5,18.60000038,18.5,18.20000076,17.5,16.89999962,16.29999924,
Comoros,COM,,,,,,,,,,,,,,,,,,,,,,,,,,,,,,,,,,,,,,,,,,,,,,,,,,,,,,
Cabo Verde,CPV,,,,,,,,,,,,,,,,,,,,,,,,,,,,,,,,,,,,,,,,,,,,,,,,,,,,,,
Costa Rica,CRI,,,,,,,,,,,,,,,,,,,27.39999962,27.60000038,30,28.20000076,30.70000076,27.29999924,26.89999962,28.10000038,28.10000038,26.20000076,25.89999962,25.5,24.10000038,22.60000038,21.39999962,21.60000038,21.60000038,20.60000038,20.10000038,19.70000076,20.39999962,15.60000038,15.89999962,15.10000038,14.80000019,15.19999981,14,13.19999981,12.30000019,11.80000019,15,14.10000038,13.39999962,12.69999981,,
Caribbean small states,CSS,,,,,,,,,,,,,,,,,,,,,,,,,,,,,,,19.37393177,17.80948289,17.59164345,16.85237508,16.30150343,16.82311181,14.62331933,14.47794855,,16.10378713,14.72719125,13.70989622,12.29068714,12.70654389,,,,,,,,,,
Cuba,CUB,,,,,,,,,,,,,,,,,,,,,,,,,,,,,,24.89999962,25.29999924,25.89999962,25.5,25.10000038,25.10000038,25.10000038,21.5,27.10000038,27.10000038,21.70000076,21.70000076,21.70000076,21.20000076,20.20000076,20,18.70000076,18.60000038,18.60000038,18.5,19.70000076,19.29999924,18.60000038,,
Curacao,CUW,,,,,,,,,,,,,,,,,,,,,,,,,,,,,,,,,,,,,,,,,,,,,,,,,,,,,,
Cayman Islands,CYM,,,,,,,,,,,,,,,,,,,,,,,,,,,,,,1.100000024,,,,,,,,,,,,,,1.700000048,2.299999952,1.799999952,1.899999976,1.899999976,0.600000024,0.400000006,0.699999988,0.800000012,,
Cyprus,CYP,,,,,,,,,,,,,,,,,,,19.20000076,18.70000076,18,17.5,17.10000038,16.39999962,15.80000019,15.5,14.80000019,14.30000019,13.5,12.39999962,12,11.69999981,11,10.69999981,,,,4.199999809,4.5,4.199999809,4.400000095,4.199999809,4.199999809,3.700000048,3.5,3.599999905,3.099999905,2.799999952,2.799999952,2.900000095,2.299999952,2.5,3.900000095,
Czech Republic,CZE,,,,,,,,,,,,,,,,,,,,,,,,,,,,,12.30000019,10,8,7.699999809,6.900000095,6.599999905,6.099999905,5.800000191,5.599999905,5.300000191,5.199999809,4.900000095,4.900000095,4.5,4.400000095,3.900000095,3.700000048,3.599999905,3.200000048,3.099999905,3.099999905,3,3,3,2.700000048,
Germany,DEU,,,,,,,,,,,,,,,,,,,,,,,,,,,,,,4.099999905,3.700000048,3.5,3.299999952,3.200000048,2.900000095,2.900000095,2.799999952,2.799999952,2.5,2.5,2.400000095,2.299999952,2.299999952,2.299999952,2.200000048,2.200000048,1.700000048,1.600000024,1.5,1.5,1.399999976,1.299999952,1.299999952,
Djibouti,DJI,,,,,,,,,,,,,,,,,,,,,,,,,,,,,,,,,,,,,,,,,,,,,,,,,,,,,,
Dominica,DMA,,,,,,,,,,,,,,,,,,,,,,,,,,,,27.39999962,,30.79999924,,,,,,23.70000076,,27.20000076,,21,,,,,,,,,,,,,,
Denmark,DNK,,,,,,,,,,,,,,,,,,,,7.400000095,,7.400000095,6.599999905,6.599999905,5.800000191,5.699999809,5.699999809,5.599999905,5.5,5.599999905,5.199999809,5.099999905,5,4.400000095,3.900000095,3.700000048,3.700000048,3.200000048,3.5,3.299999952,3,3.099999905,3.099999905,3,2.900000095,2.799999952,2.400000095,2.5,2.299999952,2.200000048,2.400000095,2.299999952,2.299999952,
Dominican Republic,DOM,,,,,,,,,,,,,,,,,,,,,,,,,,,,,,20.29999924,18.70000076,16.89999962,14.39999962,14.60000038,19.89999962,20,17.10000038,17.5,15.89999962,14.80000019,15.89999962,15,14.80000019,14.60000038,15,14.5,15,14.5,12,14.69999981,14.19999981,14.19999981,14.5,
Algeria,DZA,,,,,,,,,,,,,,,,,,,,,,,,,,,,,,,,,,,,,,,,21.10000038,,21.10000038,20.70000076,,,,,,,10.80000019,,,,
East Asia & Pacific (developing only),EAP,,,,,,,,,,,,,,,,,,,,,,,,,,,,,,53.61080441,53.45396189,51.00147659,49.73819206,47.82385756,47.88135073,47.532909,47.73451727,46.81316558,46.77031654,45.53021854,44.48288875,13.95393851,13.62007677,11.00126473,12.63460273,10.50752664,10.96125994,10.00112805,10.31523031,9.339025242,,,,
East Asia & Pacific (all income levels),EAS,,,,,,,,,,,,,,,,,,,,,,,,,,,,,,48.41529978,48.40761659,46.2262366,45.04735598,43.26889446,43.48388103,43.25566357,43.57041601,42.66979351,42.74147061,41.52436074,40.57113128,13.0937345,12.77697394,10.37461019,11.86078707,9.92990645,10.3312982,9.498449102,9.767274088,8.877972645,,,,
Europe & Central Asia (developing only),ECA,,,,,,,,,,,,,,,,,,,,,,,,,,,,,,30.36475437,30.86885518,30.53795428,31.82841823,34.09288924,33.87075946,34.25873156,35.71045236,34.80416771,33.59778442,33.16271295,31.2932297,30.75945096,30.16693574,27.81918837,24.91383052,23.93879636,22.46717466,23.86209463,,22.61611163,22.42889759,22.21238025,,
Europe & Central Asia (all income levels),ECS,,,,,,,,,,,,,,,,,,,,,,,,,,,,,,13.95900053,14.08966513,13.86201518,14.16713374,14.43163392,14.31845414,13.49486262,13.57882796,14.01075685,12.68886241,12.41004741,11.83254913,11.51043041,11.31884058,10.66115635,9.859457824,9.313353493,8.5707185,9.049718468,7.940684098,8.564623883,8.554145697,8.416264854,7.027044044,
Ecuador,ECU,,,,,,,,,,,,,,,,,,,,,,,,,,,6.400000095,6.900000095,7.5,7.900000095,6.599999905,7.300000191,7,6.199999809,6.599999905,6.800000191,7.300000191,7.300000191,29.29999924,31.39999962,,31,32.70000076,31.5,31.29999924,29.60000038,28.70000076,28.70000076,28.20000076,28.29999924,27.79999924,25.29999924,,
"Egypt, Arab Rep.",EGY,,,,,,,,,,,,,,,,,,,42.40000153,40.29999924,39.09999847,41,40.59999847,,,,,42.40000153,39,31.29999924,38.40000153,35.29999924,35.20000076,34,31,31.29999924,29.79999924,28.70000076,29.60000038,28.5,27.5,29.89999962,31.79999924,30.89999962,31.20000076,31.70000076,31.60000038,29.89999962,28.20000076,29.20000076,27.10000038,28,,
Euro area,EMU,,,,,,,,,,,,,,,,,,,,,,,,,,,,,,7.191984798,6.763884672,6.434934147,6.344613222,6.06275752,5.908395982,6.036535462,5.772566439,5.219095101,4.922852956,4.810699935,4.670205325,4.580522291,4.268817189,4.163868492,4.038254475,3.823001495,3.357295095,3.376347023,3.348151648,3.234387834,3.21583721,3.171781433,3.147383118,
Eritrea,ERI,,,,,,,,,,,,,,,,,,,,,,,,,,,,,,,,,,,,,,,,,,,,,,,,,,,,,,
Spain,ESP,,,,,,,,,,,,,,,,,,,19.29999924,18.79999924,18.5,18.70000076,18.5,18.29999924,16.10000038,15.10000038,14,12.69999981,11.5,10.30000019,9.699999809,9.800000191,9.5,9,8.399999619,8,7.699999809,7.099999905,6.599999905,6.5,5.900000095,5.599999905,5.400000095,5.199999809,4.699999809,4.400000095,4,4.099999905,4.099999905,4.099999905,4.199999809,4.199999809,4.199999809,
Estonia,EST,,,,,,,,,,,,,,,,,,,,,,,,,,,,21.20000076,21,19.29999924,18.10000038,16,14.19999981,10.19999981,9.699999809,9.699999809,9.300000191,8.5,7.099999905,6.900000095,6.900000095,6.199999809,5.800000191,5.199999809,4.800000191,4.599999905,3.900000095,4,4,4.199999809,4.400000095,4.300000191,3.900000095,
Ethiopia,ETH,,,,,,,,,,,,,,,,,,,,,,,,,,,,,,,,,89.30000305,,,,,,,,,,7.900000095,79.30000305,8.600000381,,,,,9.5,8.199999809,72.69999695,,
European Union,EUU,,,,,,,,,,,,,,,,,,,,,,,,,,,,,,9.461293408,9.202940043,9.163604317,9.126709413,8.902639241,8.77833331,8.634744685,8.327256699,7.509468495,7.270622699,7.02990736,6.478307665,6.352284416,5.88007332,5.7351219,5.465316018,5.176937076,4.72479779,4.7380958,4.801099214,4.627032899,4.608944926,4.490592958,4.418333059,
Fragile and conflict affected situations,FCS,,,,,,,,,,,,,,,,,,,,,,,,,,,,,,,,,,,,,,,,,,,,,,,,,,,,,,
Finland,FIN,,,,,,,,,,,,,,,,,,,13.30000019,12.80000019,13,12.5,12,11.39999962,10.80000019,10.19999981,9.699999809,9.199999809,8.800000191,8.699999809,8.899999619,8.699999809,8.600000381,7.800000191,7.800000191,7.699999809,7.099999905,6.099999905,6,5.599999905,5.300000191,5,4.800000191,4.599999905,4.400000095,4.300000191,4.199999809,4.300000191,4.099999905,4,3.799999952,3.799999952,3.900000095,
Fiji,FJI,,,,,,,,,,,,,,,,,,,,,,,,,,,,,2.5,,,1.799999952,,,2.099999905,2.299999952,1.700000048,1.5,1.5,,,1.600000024,2,1.5,1.600000024,1,,,,,,,,
France,FRA,,,,,,,,,,,,,,,,,,,8.399999619,8.100000381,7.800000191,7.599999905,7.400000095,7.099999905,6.900000095,6.599999905,6.300000191,5.900000095,5.599999905,5.300000191,5.900000095,5.400000095,5.199999809,4.900000095,4.800000191,4.599999905,4.400000095,4.099999905,4,4,4,4.099999905,3.799999952,3.599999905,3.599999905,3.400000095,2.700000048,2.900000095,2.900000095,2.799999952,2.799999952,3,2.799999952,
Faroe Islands,FRO,,,,,,,,,,,,,,,,,,,,,,,,,,,,,,,,,,,,,,,,,,,,11.10000038,,,,,,,,,,
"Micronesia, Fed. Sts.",FSM,,,,,,,,,,,,,,,,,,,,,,,,,,,,,,,,,,,,,,,,,,,,,,,,,,,,,,
Gabon,GAB,,,,,,,,,,,,,,,,,,,,,,,,,,,,,,,,43.5,,,,,,,,,,,,24.20000076,,,,,,,,,,
United Kingdom,GBR,,,,,,,,,,,,,,,,,,,2.599999905,2.599999905,2.599999905,2.599999905,2.5,2.5,2.5,2.400000095,2.299999952,2.200000048,2.099999905,2.200000048,2.200000048,2,2.099999905,2,1.899999976,1.799999952,1.700000048,1.5,1.399999976,1.299999952,1.299999952,1.200000048,1.200000048,1.299999952,1.299999952,1.299999952,1,1,1.100000024,1.100000024,1,0.899999976,1.100000024,
Georgia,GEO,,,,,,,,,,,,,,,,,,,,,,,,,,,,,,,,,,,,,48.5,52.20000076,52.09999847,52.79999924,53.79999924,54.90000153,54,54.29999924,55.29999924,53.40000153,,,,,,,,
Ghana,GHA,,,,,,,,,,,,,,,,,,,,,,,,,,,,,,,62,,,,,,,55,,,,,,,57.20000076,,,,41.5,,,44.70000076,,
Guinea,GIN,,,,,,,,,,,,,,,,,,,,,,,,,,,,,,,,,76,,,,,,,,,,,,,,,74.30000305,74.30000305,74.80000305,74.80000305,,,
"Gambia, The",GMB,,,,,,,,,,,,,,,,,,,,,,,,,,,,,,,,64.69999695,,,,,,,,,,,,,,,,,,,,,31.5,
Guinea-Bissau,GNB,,,,,,,,,,,,,,,,,,,,,,,,,,,,,,,,,,,,,,,,,,,,,,,,,,,,,,
Equatorial Guinea,GNQ,,,,,,,,,,,,,,,,,,,,,,76.30000305,,,,,,,,,,,,,,,,,,,,,,,,,,,,,,,,
Greece,GRC,,,,,,,,,,,,,,,,,,,,30.70000076,28.89999962,30,29.39999962,28.89999962,28.5,27,26.60000038,25.29999924,23.89999962,22.20000076,21.89999962,21.29999924,20.79999924,20.39999962,20.29999924,19.79999924,17.89999962,16.29999924,16.39999962,14.89999962,14.30000019,14.19999981,11.69999981,11.5,11,10.60000038,10.5,11.10000038,11.69999981,11.69999981,12.5,13.30000019,13,
Grenada,GRD,,,,,,,,,,,,,,,,,,,,,,,,,,,19.79999924,,,,,,19.39999962,,15.5,,13.80000019,,,,,,,,,,,,,,,,,
Greenland,GRL,,,,,,,,,,,,,,,,,,,,,,,,,,,,,,,,,,,,,,,,,,,,,,,,,,4.599999905,,,,
Guatemala,GTM,,,,,,,,,,,,,,,,,,,,50.79999924,50.79999924,,,,,51.90000153,,49.90000153,12.89999962,13.60000038,,,,,,,37.59999847,,39.79999924,,38.70000076,36.09999847,38.29999924,,33.20000076,,,,,37.59999847,32.29999924,32.70000076,,
Guam,GUM,,,,,,,,,,,,,,,,,,,0.899999976,,,,,,,,,,1.100000024,,,,,,,,,,0.5,,,,,,,,,,0.300000012,,,,,
Guyana,GUY,,,,,,,,,,,,,,,,,,,,,,,,,,,,,,,,,,,,27.89999962,,,,27.79999924,21.39999962,,,,,,,,,,,,,
High income,HIC,,,,,,,,,,,,,,,,,,,,,,,,,,,,,,7.556518067,7.514037182,7.219528544,7.149869674,6.869280505,6.695065177,6.119874718,5.916677478,6.057757191,5.869317306,5.394675402,5.262658483,4.947379841,4.694957913,4.629558576,4.465047451,4.236458525,4.043084701,4.025123208,4.01027762,4.644742355,4.41238807,4.290354368,,
"Hong Kong SAR, China",HKG,,,,,,,,,,,,,,,,,,,1.399999976,1.299999952,1.299999952,1.200000048,1.200000048,1.600000024,1.600000024,1.5,1.299999952,1.100000024,0.899999976,0.800000012,0.699999988,0.600000024,0.600000024,0.600000024,0.400000006,0.300000012,0.300000012,0.300000012,0.300000012,0.200000003,0.300000012,0.200000003,0.300000012,0.300000012,0.200000003,0.200000003,0.200000003,,,,,,,
Honduras,HND,,,,,,,,,,,,,,,,,,,58.59999847,58.70000076,58.29999924,57.70000076,,,,,,,50.09999847,38,38.20000076,,37.20000076,37.20000076,38.29999924,37,34.59999847,35.09999847,,36.90000153,38.79999924,37.40000153,34.90000153,39.20000076,36.29999924,34.59999847,35.5,37.09999847,37.5,36.59999847,38.20000076,35.79999924,,
Heavily indebted poor countries (HIPC),HPC,,,,,,,,,,,,,,,,,,,,,,,,,,,,,,,,,,,,,,,,,,,,,,,,,,,,,,
Croatia,HRV,,,,,,,,,,,,,,,,,,,,,,,,,,,,,,,,,,,19.89999962,17.79999924,16.70000076,16.60000038,14.5,15.5,13.10000038,14.19999981,13.80000019,14.30000019,11.39999962,10.69999981,10.89999962,11.39999962,12.5,12.80000019,10.60000038,9.5,8.699999809,
Haiti,HTI,,,,,,,,,,,,,,,,,,,67.5,66.69999695,65.40000153,65.40000153,,,,,66.19999695,,65.59999847,,,,,,,,,50.5,,,,,,,,,,,,,,,,
Hungary,HUN,,,,,,,,,,,,,,,,,,,22.10000038,21.29999924,22.20000076,22.29999924,22,21.29999924,20.39999962,19.79999924,19.29999924,18.79999924,18.20000076,16.10000038,11.30000019,9.100000381,8.699999809,8,8.199999809,7.800000191,7.300000191,6.900000095,6.400000095,6.199999809,6.099999905,5.400000095,5.199999809,4.800000191,4.699999809,4.599999905,4.300000191,4.599999905,4.5,4.900000095,5,4.699999809,4.599999905,
Indonesia,IDN,,,,,,,,,,,,,,,,,,,56.40000153,,54.70000076,,,54.70000076,55.09999847,55,55.90000153,56.20000076,55.90000153,53.90000153,54.90000153,50.59999847,46.09999847,44,44,41.20000076,45,43.20000076,45.29999924,43.79999924,44.29999924,46.40000153,43.29999924,44,42,41.20000076,40.29999924,39.70000076,38.29999924,36.20000076,35.29999924,34.79999924,34.29999924,
Isle of Man,IMN,,,,,,,,,,,,,,,,,,,,,,,,,,,,,,,,,,,,,,,,1.399999976,,,,,1.899999976,,,,,,,,,
India,IND,,,,,,,,,,,,,,,,,,,,,,,,,,,,,,,,,60.5,,,,,,59.90000153,,,,,55.79999924,,,,,51.09999847,,47.09999847,49.70000076,,
Not classified,INX,,,,,,,,,,,,,,,,,,,,,,,,,,,,,,,,,,,,,,,,,,,,,,,,,,,,,,
Ireland,IRL,,,,,,,,,,,,,,,,,,,,,,16.89999962,16.5,15.60000038,15.5,15.10000038,15.19999981,15,14.89999962,13.69999981,13.60000038,12.80000019,12.10000038,11.69999981,10.69999981,10.30000019,9.100000381,8.699999809,7.800000191,7.099999905,7.099999905,6.5,6.300000191,6,5.599999905,5.400000095,5.800000191,5.300000191,4.800000191,5,5.099999905,6,6.099999905,
"Iran, Islamic Rep.",IRN,,,,,,,,,,,,,,,,,,,,,7,,,,,,,,,,,,,,23,,,,,,,,,24.70000076,23.20000076,22.79999924,21.20000076,20.89999962,19.20000076,,,,17.89999962,
Iraq,IRQ,,,,,,,,,,,,,,,,,,,,,,,,,,,,,,,,,,,,,,,,,,,17,,29.70000076,15.10000038,23.39999962,,,,,,,
Iceland,ISL,,,,,,,,,,,,,,,,,,,,,,,,,,,,,10.30000019,10.19999981,10.39999962,9.199999809,9.100000381,9.600000381,10,9.100000381,8.600000381,8.800000191,8.5,7.199999809,7.099999905,6.699999809,6,6.300000191,6.199999809,5.800000191,4.300000191,4.699999809,5.400000095,5.300000191,5.5,4.199999809,4.199999809,
Israel,ISR,,,,,,,,,,,,,,,,,,,6.300000191,6,5.599999905,5.5,5.300000191,5.300000191,5.099999905,5.099999905,4.599999905,4.599999905,4.099999905,3.5,3.5,3.5,3.299999952,2.900000095,2.5,2.400000095,2.299999952,2.299999952,2.200000048,2,2,1.899999976,2,2,1.799999952,1.600000024,1.700000048,1.700000048,1.600000024,1.399999976,1.200000048,1.200000048,1.100000024,
Italy,ITA,,,,,,,,,,,,,,,,,,,14,13.19999981,12.19999981,12.19999981,11.69999981,11,10.69999981,10.30000019,9.699999809,9.199999809,8.800000191,8.399999619,8,7.099999905,6.900000095,6.599999905,6.099999905,5.900000095,5.800000191,5.199999809,5,5,4.699999809,4.5,3.900000095,4,4.099999905,3.799999952,3.5,3.5,3.599999905,3.5,3.5,3.400000095,3.5,
Jamaica,JAM,,,,,,,,,,,,,,,,,,,,,,,,,,,,,,,27.29999924,24.39999962,23.60000038,23.20000076,22.60000038,21.20000076,21,20.5,20.79999924,20.70000076,20.10000038,20.39999962,18.5,18.10000038,18.20000076,17.60000038,18.70000076,20.20000076,20.20000076,17.60000038,18.10000038,18.20000076,,
Jordan,JOR,,,,,,,,,,,,,,,,,,,,,,6.699999809,,,5.5,6.599999905,,,,,,,,,,,,,4.900000095,4.099999905,3.900000095,3.599999905,4.099999905,3.400000095,3.099999905,2.700000048,2.599999905,2.799999952,2,1.700000048,2,2,1.799999952,
Japan,JPN,,,,,,,,,,,,,,,,,,,10.39999962,10,9.699999809,9.300000191,8.899999619,8.800000191,8.5,8.300000191,7.900000095,7.599999905,7.199999809,6.699999809,6.400000095,5.900000095,5.800000191,5.699999809,5.5,5.300000191,5.300000191,5.199999809,5.099999905,4.900000095,4.699999809,4.599999905,4.5,4.400000095,4.300000191,4.199999809,4.199999809,4.199999809,4,4,3.799999952,3.700000048,,
Kazakhstan,KAZ,,,,,,,,,,,,,,,,,,,,,,,,,,,,,,,,,,,,,,26.70000076,,35.5,35.5,35.29999924,33.5,32.40000153,31.5,31.20000076,30.20000076,29,28.29999924,26.5,25.5,24.20000076,,
Kenya,KEN,,,,,,,,,,,,,,,,,,,,,,,,,,,,,,,,,,,,,,,,,,,,61.09999847,,,,,,,,,,
Kyrgyz Republic,KGZ,,,,,,,,,,,,,,,,,,,,,,,,,32.70000076,33.90000153,33.59999847,33.20000076,32.70000076,35.5,38.20000076,39,42,47.20000076,47.09999847,48.29999924,49,52.40000153,53.09999847,52.90000153,49.09999847,43.20000076,38.90000153,38.5,36.29999924,34.5,34,,,,30.10000038,31.70000076,,
Cambodia,KHM,,,,,,,,,,,,,,,,,,,,,,,,,,,,,,,,,,,,,77.5,,73.69999695,70.19999695,,,53.70000076,,,,72.19999695,,54.09999847,,,,,
Kiribati,KIR,,,,,,,,,,,,,,,,,,,,,,,,,,,,,,,,,,,,,,,2.799999952,,,,,7.099999905,,,,,22.10000038,,,,,
St. Kitts and Nevis,KNA,,,,,,,,,,,,,,,,,,,,50.90000153,50.70000076,29.20000076,29.60000038,,,,,,,,,,,,,,,,,0.200000003,,,,,,,,,,,,,,
"Korea, Rep.",KOR,,,,,,,,,,,,,,,,,,,34,34.20000076,32.09999847,29.70000076,27.10000038,24.89999962,23.60000038,21.89999962,20.70000076,19.60000038,17.89999962,16.39999962,15.80000019,14.69999981,13.69999981,12.39999962,11.69999981,11.30000019,12.39999962,11.60000038,10.60000038,10,9.300000191,8.800000191,8.100000381,7.900000095,7.699999809,7.599999905,7.199999809,7,6.599999905,6.400000095,6.199999809,6.099999905,,
Kosovo,KSV,,,,,,,,,,,,,,,,,,,,,,,,,,,,,,,,,,,,,,,,,,,,,,,,,,,4.599999905,,,
Kuwait,KWT,,,,,,,,,,,,,,,,,,,,,,0.600000024,,,,,1.299999952,,,,,,,2.099999905,,,,,,,,,,2.700000048,,,2.5,,,,,,1.200000048,
Latin America & Caribbean (developing only),LAC,,,,,,,,,,,,,,,,,,,,,,,,,,,,,,,22.47430085,21.93554929,,20.98060591,19.96985022,20.29770899,19.28581941,20.48311075,17.96200447,20.49866738,20.34245886,20.47838169,20.48085097,19.73457789,19.06609123,17.50972019,16.89022037,17.67206822,,17.09533375,16.3161071,16.00223357,,
Lao PDR,LAO,,,,,,,,,,,,,,,,,,,,,,,,,,,,,,,,,,85.40000153,,,,,,,,,,,,,,,71.30000305,,,,,
Lebanon,LBN,,,,,,,,,,,,,,,,,,,,,,,,,,,,,,,,,,,,,,,,,,,,,,,,,,,,,,
Liberia,LBR,,,,,,,,,,,,,,,,,,,,,,,,,,,,,,,,,,,,,,,,,,,,,,47.59999847,,,46.5,,,,,
Libya,LBY,,,,,,,,,,,,,,,,,,,18.89999962,,,15.30000019,,16.79999924,19.70000076,,,,,,,,,,,,,,,,,,,,,,,,,,,,,
St. Lucia,LCA,,,,,,,,,,,,,,,,,,,,,,,,,,,,,,23.79999924,,23.29999924,26.5,24.20000076,25.20000076,20.39999962,23.10000038,21.70000076,20.79999924,13.10000038,12.19999981,13,14.80000019,13.10000038,12.89999962,,,,,,,,,
Latin America & Caribbean (all income levels),LCN,,,,,,,,,,,,,,,,,,,,,,,,,,,,,,,19.92037663,19.43221302,,18.89368061,18.08987565,18.23511166,17.21320914,18.29325571,16.18163626,18.28689358,18.15762988,18.38859161,18.31494557,17.57552508,17.04735377,15.64743373,15.13964071,15.69143587,,15.28248486,14.54922585,14.18257359,,
Least developed countries: UN classification,LDC,,,,,,,,,,,,,,,,,,,,,,,,,,,,,,,,,,,,,,,,,,,,,,,,,,,,,,
Low income,LIC,,,,,,,,,,,,,,,,,,,,,,,,,,,,,,,,,,,,,,,,,,,,,,,,,,,,,,
Liechtenstein,LIE,,,,,,,,,,,,,,,,,,,,,,,,,,,,,,,,,,,,,,,,,,,,,,,,,,,,,,
Sri Lanka,LKA,,,,,,,,,,,,,,,,,,,,45.90000153,,,,49.29999924,,,,,47.79999924,41.40000153,43.59999847,38.70000076,42.59999847,37.29999924,35.09999847,37.40000153,41.59999847,,,,34.5,34,33.5,30.70000076,32.20000076,31.29999924,32.59999847,32.59999847,32.70000076,33,31,31.5,30.39999962,
Lower middle income,LMC,,,,,,,,,,,,,,,,,,,,,,,,,,,,,,,,,54.05580947,,,,,,53.96872435,,,,,49.79614859,,,,,46.05810231,,42.51349036,43.97967741,,
Low & middle income,LMY,,,,,,,,,,,,,,,,,,,,,,,,,,,,,,,,,50.25423994,,,,,,46.24696702,,,,,28.5836946,,,,,24.98117777,,,,,
Lesotho,LSO,,,,,,,,,,,,,,,,,,,,,,,,,,,,,,,,,,,22.79999924,56.5,,72.30000305,,,,,,,,,12.10000038,,,,,,,
Lithuania,LTU,,,,,,,,,,,,,,,,,,,,,,,,,,,,,,,,,,,,20.70000076,19.60000038,19.29999924,18.10000038,17,18.20000076,18.29999924,16.10000038,14.19999981,13.69999981,11.10000038,7.900000095,8.899999619,8.699999809,8.300000191,8.800000191,8.399999619,9,
Luxembourg,LUX,,,,,,,,,,,,,,,,,,,5.5,5.099999905,4.900000095,4.800000191,4.599999905,4.400000095,4.099999905,3.900000095,3.599999905,3.400000095,3.299999952,3,6.300000191,3.200000048,3.099999905,3.799999952,2.599999905,2.299999952,2.900000095,1.899999976,2.299999952,1.5,1.899999976,2.599999905,2,1.799999952,1.799999952,1.799999952,1.700000048,1.299999952,1,1.100000024,1.200000048,1.399999976,1.299999952,
Latvia,LVA,,,,,,,,,,,,,,,,,,,,,,,,,,,,,,,,,,,17.29999924,21.5,19,16.70000076,14.19999981,14.60000038,15.80000019,13.80000019,12.80000019,11.60000038,10.89999962,9.699999809,7.699999809,8.5,8.300000191,8.699999809,8.100000381,7.800000191,7.300000191,
"Macao SAR, China",MAC,,,,,,,,,,,,,,,,,,,,,,,,,,,,0.600000024,0.200000003,0.100000001,0.200000003,0.200000003,0,0.200000003,0.200000003,0.200000003,0.200000003,0.100000001,0.200000003,0.100000001,0.100000001,0.300000012,0.300000012,0.100000001,0.200000003,0.100000001,0.200000003,0.400000006,0.200000003,0.200000003,0.200000003,,0,
St. Martin (French part),MAF,,,,,,,,,,,,,,,,,,,,,,,,,,,,,,,,,,,,,,,,,,,,,,,,,,,,,,
Morocco,MAR,,,,,,,,,,,,,,,,,,,,,,,,,,,,,3.900000095,3.900000095,3.599999905,3.200000048,,6.300000191,7.199999809,5.099999905,4.900000095,5.699999809,5.099999905,4.900000095,44.40000153,43.90000153,45.79999924,45.40000153,43.29999924,42.09999847,40.90000153,40.5,40.20000076,39.79999924,39.20000076,,,
Monaco,MCO,,,,,,,,,,,,,,,,,,,,,,,,,,,,,,,,,,,,,,,,,,,,,,,,,,,,,,
Moldova,MDA,,,,,,,,,,,,,,,,,,,,39.90000153,39.70000076,39.20000076,38.20000076,37.40000153,36.70000076,35.70000076,34.5,34.79999924,33.79999924,41.79999924,40,43.09999847,45.5,,42.79999924,41.59999847,45.70000076,48.90000153,50.90000153,51,49.59999847,43,40.5,40.59999847,33.59999847,32.79999924,31.10000038,28.20000076,27.5,27.5,26.5,28.79999924,,
Madagascar,MDG,,,,,,,,,,,,,,,,,,,,,,,,,,,,,,,,,,,,,,,,,,78,,82,,,,,,,75.30000305,,,
Maldives,MDV,,,,,,,,,,,,,,,,,,,,,,,,,,,,,25.20000076,,,,,22.20000076,,,,,13.69999981,,,17.29999924,,,11.5,,,,14.60000038,,,,,
Middle East & North Africa (all income levels),MEA,,,,,,,,,,,,,,,,,,,,,,,,,,,,,,,,,,,,,,,,,,,,,24.94178975,23.47681363,21.84549174,21.26857067,23.45493656,,,,,
Mexico,MEX,,,,,,,,,,,,,,,,,,,,,,,,,,,23.5,,22.60000038,26.79999924,25.70000076,26.89999962,25.79999924,23.39999962,21.79999924,23.29999924,19.20000076,20.10000038,18,17.89999962,17.89999962,16.79999924,16.39999962,14.89999962,14.30000019,13.5,13.10000038,13.5,13.10000038,13.39999962,13.39999962,13.39999962,,
Marshall Islands,MHL,,,,,,,,,,,,,,,,,,,,,,,,,,,,,,,,,,,,,,20.79999924,,,,,,,,,,7.199999809,11,,,,,
Middle income,MIC,,,,,,,,,,,,,,,,,,,,,,,,,,,,,,,,,49.43757344,,,,,,46.15751343,,,,,26.79492396,,,,,24.67236634,,,,,
"Macedonia, FYR",MKD,,,,,,,,,,,,,,,,,,,,,,,,,,,,,,,,,,,,,,,,,23.89999962,22,16.79999924,19.5,19.20000076,17.39999962,18.89999962,,,18.10000038,16.60000038,18.10000038,18,
Mali,MLI,,,,,,,,,,,,,,,,,,,,,,,,,,,,,,,,,,,,,,,,,,,41.5,,66,,,,,,,,,
Malta,MLT,,,,,,,,,,,,,,,,,,,,,,,,,,,,,,,,,,,,,,,2,2.299999952,2.299999952,2.400000095,2.200000048,2,2.099999905,1.799999952,1.799999952,1.399999976,1.299999952,1.100000024,1,1.200000048,1.200000048,
Myanmar,MMR,,,,,,,,,,,,,,,,,,,67.09999847,66.80000305,66.80000305,66.30000305,66.19999695,66.09999847,65.90000153,65.30000305,65.09999847,65.19999695,69.69999695,,69.09999847,68.90000153,68.69999695,,,63.40000153,62.70000076,,,,,,,,,,,,,,,,,
Middle East & North Africa (developing only),MNA,,,,,,,,,,,,,,,,,,,,,,,,,,,,,,,,,,,,,,,,,,,,,28.74321755,26.91937345,26.59730268,26.16462203,24.90295198,,,,,
Montenegro,MNE,,,,,,,,,,,,,,,,,,,,,,,,,,,,,,,,,,,,,,,,,,9,,8.600000381,,8.699999809,7.599999905,6.5,6.199999809,5.599999905,5.699999809,4.5,5.699999809,
Mongolia,MNG,,,,,,,,,,,,,,,,,,,,,,,,,,,,,,,,39.5,44.70000076,46.09999847,46.5,48.90000153,49.70000076,49.5,48.59999847,48.29999924,44.90000153,46.70000076,40.20000076,39.90000153,38.79999924,37.70000076,40.59999847,34.70000076,33.5,33,35,,,
Northern Mariana Islands,MNP,,,,,,,,,,,,,,,,,,,,,,,2,2,,,,,2.299999952,,,,,1.200000048,,,,,1.5,,,,,,,,,,,,,,,
Mozambique,MOZ,,,,,,,,,,,,,,,,,,,,,,,,,,,,,,,,,,,,,,,,,,80.5,,,,,,,,,,,,
Mauritania,MRT,,,,,,,,,,,,,,,,,,,,,,,,,,,,,,,,,,,,,,,,,,,,,,,,,,,,,,
Mauritius,MUS,,,,,,,,,,,,,,,,,,,,,,,,,,,,,16.70000076,,14.30000019,,13.69999981,13.39999962,13,12.5,11.80000019,11.19999981,12.10000038,11.60000038,10.10000038,9.899999619,10,10,9.600000381,9.100000381,,,,7.599999905,7.5,8,8,
Malawi,MWI,,,,,,,,,,,,,,,,,,,,,,,,,,,,,,,,,,,,,,,,,,,,,,,,,,,,64.09999847,,
Malaysia,MYS,,,,,,,,,,,,,,,,,,,37.20000076,35.70000076,31.20000076,30.60000038,30.39999962,30.39999962,30.60000038,30.89999962,30.60000038,28.70000076,26,25.29999924,21.79999924,21.10000038,,20,19.39999962,17.29999924,18.79999924,18.39999962,18.39999962,15.10000038,14.89999962,14.30000019,14.60000038,14.60000038,14.60000038,14.80000019,14,13.5,13.30000019,11.5,12.60000038,12.69999981,12.19999981,
North America,NAC,,,,,,,,,,,,,,,,,,,,,,,,,,,,,,3.049351387,3.036996932,2.854719999,3.034219166,3.014478367,2.913848074,2.804133847,2.804705239,2.695832226,2.667669533,2.439126723,2.530079102,1.812553998,1.702817932,1.712769236,1.622582967,1.514016671,1.594707655,1.596241458,1.665333538,,,,,
Namibia,NAM,,,,,,,,,,,,,,,,,,,,,,,,,,,,,,48.20000076,,,,,,38.29999924,,,31.10000038,,,,29.89999962,,,,16.29999924,,31.20000076,29.79999924,27.39999962,31.39999962,,
New Caledonia,NCL,,,,,,,,,,,,,,,,,,,,,,,,,,,,,,,,,,,7.199999809,,,,4.800000191,,,,,3.099999905,2.900000095,2.900000095,2.700000048,,,,,,,
Niger,NER,,,,,,,,,,,,,,,,,,,,,,,,,,,,,,,,,,,,,,,,,,,,56.90000153,,,,,,,,,,
Nigeria,NGA,,,,,,,,,,,,,,,,,,,,,,33.59999847,,,46.90000153,,,,,,,,,,,,,,,,,,44.59999847,,,48.59999847,,,,,,,,
Nicaragua,NIC,,,,,,,,,,,,,,,,,,,,,,,,,,,,,39.29999924,38,38.90000153,39,40.09999847,40.5,41,41.90000153,42.29999924,42.40000153,43.5,43.40000153,,30.5,30.29999924,28.89999962,29.10000038,29.5,28.20000076,28.70000076,32.20000076,,,,,
Netherlands,NLD,,,,,,,,,,,,,,,,,,,,5.300000191,,5.400000095,,5.199999809,,4.800000191,4.699999809,4.599999905,4.5,4.5,3.700000048,4,3.900000095,3.700000048,3.599999905,3.5,3.299999952,3,3,2.900000095,2.599999905,2.799999952,2.900000095,3,3,2.700000048,2.5,2.400000095,2.599999905,2.400000095,2.400000095,1.799999952,2,
High income: nonOECD,NOC,,,,,,,,,,,,,,,,,,,,,,,,,,,,,,11.32888199,11.97814428,12.14786595,12.64487893,12.2524065,12.29373502,10.04658024,9.411657653,11.27231437,11.04037037,9.272258007,8.883386947,9.012206562,8.309744284,8.092217828,7.720874316,7.150100106,6.722283023,6.763483412,7.165722046,6.71404575,6.067789649,5.897008321,,
Norway,NOR,,,,,,,,,,,,,,,,,,,8.300000191,8.199999809,7.900000095,7.599999905,7.300000191,7.300000191,7.199999809,6.5,6.300000191,6.400000095,6.400000095,5.800000191,5.5,5.5,5.300000191,5.400000095,5.400000095,5.099999905,4.699999809,4.400000095,4.099999905,3.900000095,3.799999952,3.700000048,3.5,3.200000048,3.099999905,2.700000048,2.400000095,2.5,2.400000095,2.200000048,2.099999905,2.099999905,2.099999905,
Nepal,NPL,,,,,,,,,,,,,,,,,,,,,,,,,,,,,,81.19999695,,,,,,,,76.09999847,,65.69999695,,,,,,,73.90000153,,,,,66.5,,
New Zealand,NZL,,,,,,,,,,,,,,,,,,,,,,,,,10.60000038,10.30000019,10.30000019,10.30000019,10.60000038,10.69999981,10.80000019,10.60000038,10.39999962,9.699999809,9.399999619,8.600000381,8.5,9.399999619,8.699999809,9.100000381,8.800000191,8.199999809,7.599999905,7.099999905,7.199999809,7.099999905,6.900000095,6.599999905,6.800000191,6.900000095,6.800000191,6.400000095,,
High income: OECD,OEC,,,,,,,,,,,,,,,,,,,,,,,,,,,,,,6.719708206,6.407461967,6.082556848,5.953120597,5.698907491,5.491512845,5.290809105,5.183840399,4.853261179,4.656245686,4.480354819,4.396229207,4.023747031,3.850275467,3.792274693,3.648475278,3.508945547,3.339924412,3.328117655,3.291861802,3.91159597,3.831272636,3.716347406,,
OECD members,OED,,,,,,,,,,,,,,,,,,,,,,,,,,,,,,9.640032847,9.213585278,8.881989198,8.822002738,8.418683203,8.153973407,8.029138524,7.653826226,7.472531278,6.885323948,6.775238631,6.602744986,6.134125577,5.957027191,5.633608249,5.221573376,5.01710365,4.863707314,4.891197324,4.927297138,6.11777913,6.078315551,5.975135594,,
Oman,OMN,,,,,,,,,,,,,,,,,,,,,,,,,,,,,,,,9.300000191,,,7.300000191,,,,6.400000095,,,,,,,,,,5.199999809,,,,,
Other small states,OSS,,,,,,,,,,,,,,,,,,,,,,,,,,,,,,,,,,,,,,,,,,,,,,,,,,,,,,
Pakistan,PAK,,,,,,,,,,,,,,,,,,,52.70000076,52.59999847,52.70000076,52.70000076,52.70000076,50.59999847,54,49.20000076,51.20000076,51.09999847,51.09999847,47.40000153,48.29999924,47.5,50,46.79999924,46.79999924,44.20000076,47.29999924,47.29999924,48.40000153,48.40000153,42.09999847,42.09999847,43,43,43.40000153,43.59999847,44.70000076,45.09999847,45,45.09999847,,43.70000076,43.5,
Panama,PAN,,,,,,,,,,,,,,,,,,,,,28.10000038,28.70000076,28.5,29.5,28.70000076,26,29.79999924,29.10000038,,27.29999924,25,23.10000038,19.89999962,20.79999924,20.10000038,18.60000038,17.79999924,17.39999962,17,18.10000038,17.39999962,17.5,16,15.69999981,15.89999962,14.69999981,13.89999962,18,17.39999962,17,16.70000076,,,
Peru,PER,,,,,,,,,,,,,,,,,,,,,,,,,1,0.800000012,,1.399999976,1.200000048,0.899999976,0.800000012,0.699999988,0.400000006,1.100000024,6,7.599999905,5.300000191,5.800000191,6.800000191,8.800000191,10.39999962,11.39999962,10.69999981,10.80000019,10.30000019,8.199999809,8.100000381,,,,,,,
Philippines,PHL,,,,,,,,,,,,,,,,,,,51.79999924,51.5,52.09999847,52,50.09999847,49.59999847,49.79999924,47.79999924,46.09999847,45.09999847,45.20000076,45.29999924,45.40000153,45.79999924,44.70000076,44.09999847,41.70000076,40.40000153,38.59999847,38.79999924,37.09999847,37.20000076,37,36.59999847,36,36,35.79999924,35.09999847,35.29999924,35.20000076,33.20000076,33,32.20000076,31,30.39999962,
Palau,PLW,,,,,,,,,,,,,,,,,,,,,,,,,,,,,,,,,,9.300000191,,,,,7.099999905,,,,,,,2.5,2.400000095,,,,,,,
Papua New Guinea,PNG,,,,,,,,,,,,,,,,,,,,,,,,,,,,,,,,,,,,,,,72.30000305,,,,,,,,,,,,,,,
Poland,POL,,,,,,,,,,,,,,,,,,,,29.10000038,29.5,29.10000038,28.20000076,27.89999962,27.39999962,27.20000076,26.70000076,25.29999924,25.20000076,25.39999962,25,25.60000038,24,22.60000038,22.10000038,20.5,19.20000076,18.10000038,17.39999962,18,18.5,17.20000076,16.70000076,16.5,15.10000038,14,13.30000019,12.69999981,12.60000038,12.39999962,12.19999981,11.69999981,11.19999981,
Puerto Rico,PRI,,,,,,,,,,,,,,,,,,,5.400000095,5,4.900000095,5.300000191,5,5.300000191,4.699999809,3.599999905,3.700000048,3.900000095,3.599999905,3.599999905,3.400000095,3.400000095,3.5,2.900000095,2.700000048,2.799999952,2.5,2.200000048,1.899999976,2,2,2,2.099999905,2.099999905,1.399999976,1.100000024,1.5,1.5,1.600000024,1.600000024,,,,
"Korea, Dem. People’s Rep.",PRK,,,,,,,,,,,,,,,,,,,,,,,,,,,,,,,,,,,,,,,,,,,,,,,,,,,,,,
Portugal,PRT,,,,,,,,,,,,,,,,,,,27.29999924,26.10000038,25.29999924,23.5,23.79999924,23.79999924,21.89999962,22.20000076,20.70000076,19,17.89999962,17.5,11.5,11.60000038,11.80000019,11.5,12.19999981,13.30000019,13.80000019,9.399999619,8.899999619,9.100000381,8.600000381,8.899999619,8.399999619,8,7.800000191,7.5,7.199999809,7.300000191,7.099999905,6.5,6.800000191,6.599999905,5.5,
Paraguay,PRY,,,,,,,,,,,,,,,,,,,,,1,3.900000095,3.299999952,2.700000048,3,2.799999952,2.599999905,1.899999976,2.099999905,1.200000048,1.899999976,1.600000024,3.900000095,40.09999847,,27.79999924,28.70000076,30.39999962,31.89999962,31.89999962,34.29999924,32.5,33.29999924,32.40000153,31.20000076,29.5,26.5,29.5,26.79999924,26.39999962,27.20000076,23.39999962,22.79999924,
Pacific island small states,PSS,,,,,,,,,,,,,,,,,,,,,,,,,,,,,,,,,,,,,,,,,,,,,,,,,,,,,,
French Polynesia,PYF,,,,,,,,,,,,,,,,,,,,,,,,,,,,,,,,,,2.5,2.700000048,3.299999952,3.799999952,3.900000095,4.400000095,4.300000191,3.799999952,3.5,3.400000095,3.5,3.700000048,3.599999905,3.400000095,2.599999905,2.700000048,2.799999952,,,,
Qatar,QAT,,,,,,,,,,,,,,,,,,,,,,,,,,,,,,,,,,,,3.700000048,,,,2.299999952,,,2.700000048,,3,2.400000095,1.600000024,1.600000024,,1.399999976,1.399999976,1.399999976,,
Romania,ROU,,,,,,,,,,,,,,,,,,,29.79999924,29.29999924,29,29.20000076,29.20000076,28.89999962,28.70000076,28.5,28.39999962,27.89999962,29.10000038,29.79999924,33,36,39,40.29999924,38,40.90000153,42,37.70000076,39,38,32.29999924,33.5,29,28.79999924,27.20000076,25.79999924,25,25.70000076,27.70000076,26,26.60000038,26.20000076,25.39999962,
Russian Federation,RUS,,,,,,,,,,,,,,,,,,,,,,,,,,,,,13.89999962,14.19999981,15.39999962,15.5,16.10000038,15.69999981,15.30000019,12.19999981,11.69999981,15,14.5,12,11.30000019,10.89999962,10.19999981,10.19999981,10,9,8.600000381,8.399999619,7.900000095,7.699999809,7.300000191,7,6.699999809,
Rwanda,RWA,,,,,,,,,,,,,,,,,,,,,,,,,,,,90.09999847,,,,,,,,,,,,,,,,78.80000305,,,,,,,75.30000305,,,
South Asia,SAS,,,,,,,,,,,,,,,,,,,,,,,,,,,,,,,,,59.32463455,,,,,,59.23412826,,,,,53.55002666,,,,,49.84325279,,46.8353008,49.23177893,,
Saudi Arabia,SAU,,,,,,,,,,,,,,,,,,,,,,,,,,,,,,,7.699999809,,,,,,,6.300000191,6.099999905,6,4.699999809,,,,4,4.300000191,4.300000191,4.099999905,,4.300000191,4.699999809,4.900000095,,
Sudan,SDN,,,,,,,,,,,,,,,,,,,,,,,,,,,,,,,,,,,,,,,,,,,,,,,,,,44.59999847,,,,
Senegal,SEN,,,,,,,,,,,,,,,,,,,,,,,,,,,,,,,,,,,,,,,,45.59999847,,,,,33.70000076,,,,,46.09999847,,,,
Singapore,SGP,,,,,,,,,,,,,,,,,,,1.299999952,1.100000024,1,1,0.699999988,0.699999988,0.800000012,0.899999976,0.400000006,0.5,0.400000006,0.300000012,0.300000012,0.200000003,0.300000012,0.200000003,0.200000003,1,0.899999976,0.899999976,,0.899999976,0.800000012,0.899999976,0.800000012,1.100000024,1.299999952,,,,,,,,,
Solomon Islands,SLB,,,,,,,,,,,,,,,,,,,,,,,,,,,,,,,,,,,,,,,,,,,,,,,,,,,,,,
Sierra Leone,SLE,,,,,,,,,,,,,,,,,,,,,,,,,,,,,,,,,,,,,,,,,,67.30000305,68.5,,,,,,,,,,,
El Salvador,SLV,,,,,,,,,,,,,,,,,,,37.5,,,,,34.09999847,1.600000024,,8.100000381,10.19999981,7.400000095,10.39999962,35.79999924,,28,27,28.10000038,26.39999962,25.10000038,21.39999962,21.60000038,21.79999924,20,18.20000076,19.10000038,20,18.89999962,16.5,18.70000076,20.89999962,20.79999924,21.60000038,21,19.60000038,,
San Marino,SMR,,,,,,,,,,,,,,,,,,,5.5,5.400000095,5.199999809,5.099999905,4.900000095,3.5,3.200000048,3,2.900000095,2.700000048,2.5,2.299999952,2.200000048,2.099999905,,1.5,1.5,1.399999976,1.399999976,1.299999952,,0.5,0.400000006,0.400000006,0.400000006,0.5,0.400000006,0.400000006,0.300000012,0.400000006,0.300000012,,,,,
Somalia,SOM,,,,,,,,,,,,,,,,,,,,,,,,,,,,,,,,,,,,,,,,,,,,,,,,,,,,,,
Serbia,SRB,,,,,,,,,,,,,,,,,,,,,,,,,,,,,,,,,,,,,,,,,,,24,23.29999924,20.5,20.79999924,25.10000038,23.79999924,22.20000076,21.20000076,21,21.29999924,,
Sub-Saharan Africa (developing only),SSA,,,,,,,,,,,,,,,,,,,,,,,,,,,,,,,,,,,,,,,,,,,,,,,,,,,,,,
South Sudan,SSD,,,,,,,,,,,,,,,,,,,,,,,,,,,,,,,,,,,,,,,,,,,,,,,,,,,,,,
Sub-Saharan Africa (all income levels),SSF,,,,,,,,,,,,,,,,,,,,,,,,,,,,,,,,,,,,,,,,,,,,,,,,,,,,,,
Small states,SST,,,,,,,,,,,,,,,,,,,,,,,,,,,,,,,,,,,,,,,,,,,,,,,,,,,,,,
Sao Tome and Principe,STP,,,,,,,,,,,,,,,,,,,54.29999924,63.40000153,52,60.59999847,53.5,,,,,,,39.90000153,,,,,,,,,27.89999962,,,,,,,,,,,,26.10000038,,,
Suriname,SUR,,,,,,,,,,,,,,,,,,,,,16.5,,,,9.199999809,,,,3.700000048,,4.199999809,4.5,6.099999905,6.900000095,5.900000095,5.199999809,5.599999905,6.099999905,,,,,8,,,,,,,,,3.200000048,,
Slovak Republic,SVK,,,,,,,,,,,,,,,,,,,,,,,,,,,,,,,,,10.19999981,9.199999809,8.899999619,9.199999809,8.100000381,7.300000191,6.900000095,6.199999809,6.599999905,6,5.099999905,4.699999809,4.400000095,4.199999809,3.900000095,3.599999905,3.200000048,3.099999905,3.200000048,3.299999952,3.5,
Slovenia,SVN,,,,,,,,,,,,,,,,,,,,,,,,,,,,,,,,10.69999981,11.5,10.39999962,10.19999981,12.10000038,12,8.5,7.800000191,7.699999809,7.699999809,6.699999809,8,7.300000191,7.699999809,7.699999809,6.900000095,7.099999905,7,6.900000095,7,7.199999809,7.699999809,
Sweden,SWE,,,,,,,,,,,,,,,,,,,5.599999905,5.599999905,5.599999905,5.400000095,5.099999905,4.800000191,4,4,3.900000095,3.599999905,3.400000095,3.299999952,3.299999952,3.5,3.5,3.5,3.299999952,3.200000048,3,2.400000095,2.400000095,2.299999952,2.200000048,2.200000048,2.200000048,2,2,2,1.899999976,1.899999976,1.799999952,1.799999952,1.799999952,1.799999952,1.700000048,
Swaziland,SWZ,,,,,,,,,,,,,,,,,,,,,,,,,,,,,,,,,,,,,,,,,,,,,,,,,,,,,,
Sint Maarten (Dutch part),SXM,,,,,,,,,,,,,,,,,,,,,,,,,,,,,,,,,,,,,,,,,,,,,,,,,,,,,,
Seychelles,SYC,,,,,,,,,,,,,,,,,,,,,,,,,,,,,,,,,,,,,,,,,,,,,,,,,,3.599999905,,,,
Syrian Arab Republic,SYR,,,,,,,,,,,,,,,,,,,,,,30.60000038,25.5,,,,,26.5,,28.20000076,,31.10000038,23.39999962,28.39999962,,17.79999924,,27.79999924,32.90000153,30.60000038,31.20000076,27,,,19.60000038,19.10000038,14.5,15.19999981,15.19999981,13.19999981,,,,
Turks and Caicos Islands,TCA,,,,,,,,,,,,,,,,,,,,,,,,,,,,,,,,,,,,,,,,2.299999952,1.700000048,1.5,1.600000024,1.399999976,1.799999952,1.200000048,1.200000048,,,,,,,
Chad,TCD,,,,,,,,,,,,,,,,,,,,,,,,,,,,,,,,83,,,,,,,,,,,,,,,,,,,,,,
Togo,TGO,,,,,,,,,,,,,,,,,,,,,,,,,,,,,,,,,,,,,,,,,,,,,54.09999847,,,,,,,,,
Thailand,THA,,,,,,,,,,,,,,,,,,,70.80000305,64.19999695,61.5,63.09999847,64.40000153,,66.69999695,64.40000153,66.40000153,66.59999847,63.29999924,59.59999847,60.29999924,56.20000076,55.5,51.59999847,49.79999924,50.09999847,51,48.20000076,48.5,46,46.09999847,44.90000153,42.29999924,42.59999847,42.09999847,41.70000076,42.5,39,38.20000076,41,39.59999847,41.90000153,,
Tajikistan,TJK,,,,,,,,,,,,,,,,,,,,,,,,,,,,,,,,,,,,,,,,,,,55.5,,,,,52.90000153,,,,,,
Turkmenistan,TKM,,,,,,,,,,,,,,,,,,,,,,,,,,,,,,,,,,,,,,,,,,,,,,,,,,,,,,
Timor-Leste,TLS,,,,,,,,,,,,,,,,,,,,,,,,,,,,,,,,,,,,,,,,81.59999847,,,,,,84.40000153,,,50.59999847,,,,,
Tonga,TON,,,,,,,,,,,,,,,,,,,,,,,43.20000076,,,,,,,,,,,,,,,,,,,31.79999924,,,,,,,,,,,,
Trinidad and Tobago,TTO,,,,,,,,,,,,,,,,,,,10.19999981,9.800000191,8.699999809,8.600000381,9.300000191,10.80000019,11.10000038,11.69999981,13,13.80000019,12.30000019,11.69999981,11.5,11.30000019,12.39999962,10.60000038,9.600000381,9.5,8.100000381,8.100000381,7.199999809,7.800000191,6.900000095,5.900000095,4.599999905,4.300000191,4.400000095,3.799999952,3.799999952,,,,,,,
Tunisia,TUN,,,,,,,,,,,,,,,,,,,33.40000153,32.5,31.60000038,,,,,,,25.79999924,,,,,,,,,,,,,,,,,,18.29999924,17.70000076,18.10000038,17.60000038,16.20000076,15.89999962,15.5,14.80000019,
Turkey,TUR,,,,,,,,,,,,,,,,,,,,,4.300000191,4.800000191,4.400000095,45,,,47.40000153,48.20000076,46.90000153,47.79999924,44.70000076,42.20000076,43.59999847,43.40000153,42.79999924,40.79999924,40.5,41.40000153,36,37.59999847,34.90000153,33.90000153,34,29.5,22.60000038,22,22.10000038,21.60000038,22.39999962,22.79999924,22.20000076,21.60000038,19.70000076,
Tuvalu,TUV,,,,,,,,,,,,,,,,,,,,,,,,,,,,,,,,,,,,,,,,,,,,,,,,,,,,,,
Tanzania,TZA,,,,,,,,,,,,,,,,,,,,,,,,,,,,,,84.19999695,,,,,,,,,,82.09999847,81,,,,74.59999847,69,,,,,,,66.90000153,
Uganda,UGA,,,,,,,,,,,,,,,,,,,,,,,,,,,,,,,,,,,,,,,,,65.5,68.69999695,,71.59999847,,,,73.80000305,,,,71.90000153,,
Ukraine,UKR,,,,,,,,,,,,,,,,,,,,,,,,,,20.39999962,19.70000076,19.10000038,19.79999924,19.29999924,20.79999924,20.70000076,21,22.5,21.89999962,22.10000038,22.60000038,22.70000076,23.39999962,20.89999962,20.60000038,20.39999962,19.70000076,19.39999962,17.60000038,16.70000076,15.80000019,20,,20.20000076,19.70000076,20,14.80000019,
Upper middle income,UMC,,,,,,,,,,,,,,,,,,,,,,,,,,,,,,49.8948262,47.20438879,45.4416641,46.0984902,43.42951728,42.27579496,42.31199647,41.75143323,41.53759842,40.25019956,39.53471339,38.79275444,10.04861723,9.853005911,9.648031587,9.265969822,8.830215546,8.703968893,8.236554682,7.278175714,7.636758239,,,,
Uruguay,URY,,,,,,,,,,,,,,,,,,,,,,,,,,,,,,,4.5,3.900000095,4.300000191,4.800000191,,,3.900000095,3.900000095,4.099999905,4.199999809,4.199999809,4.5,5,4.599999905,11.10000038,11,10.80000019,11,11.60000038,10.69999981,,9.300000191,,
United States,USA,,,,,,,,,,,,,,,,,,,3.599999905,3.5,3.599999905,3.5,3.299999952,3.099999905,3.099999905,3,2.900000095,2.900000095,2.900000095,2.900000095,2.900000095,2.700000048,2.900000095,2.900000095,2.799999952,2.700000048,2.700000048,2.599999905,2.599999905,2.400000095,2.5,1.700000048,1.600000024,1.600000024,1.5,1.399999976,1.5,1.5,1.600000024,,,,,
Uzbekistan,UZB,,,,,,,,,,,,,,,,,,,,,,,,,,,,,,,,,,41.20000076,40.90000153,40.40000153,39.40000153,38.5,,,,,,,,,,,,,,,,
St. Vincent and the Grenadines,VCT,,,,,,,,,,,,,,,,,,,32.79999924,,,,,,,,,,,34,,,,,,,,,,22.20000076,,,,,,,23.79999924,,,,,,,
"Venezuela, RB",VEN,,,,,,,,,,,,,,,,,,,15,14.60000038,14.5,14.80000019,16.10000038,16.20000076,15.5,14.30000019,,13.39999962,13.39999962,12.60000038,11.80000019,11.30000019,13.80000019,13.5,13.5,10.80000019,10,10.19999981,10.60000038,9.600000381,9.899999619,10.69999981,10.39999962,9.699999809,9.100000381,8.699999809,8.5,8.800000191,8.699999809,7.900000095,7.699999809,7.400000095,,
Virgin Islands (U.S.),VIR,,,,,,,,,,,,,,,,,,,,,,,,,,,,,,,,,,,,,,,,,,,,,,,,,,,,,,
Vietnam,VNM,,,,,,,,,,,,,,,,,,,,,,,,,,,,,,,,,,,70,65.30000305,64.80000305,65,65.30000305,64,62,59.70000076,57.90000153,,51.70000076,,,,,,47.40000153,46.79999924,,
Vanuatu,VUT,,,,,,,,,,,,,,,,,,,,,,,,,,,,,,,,,,,,,,,,,,,,,,,,60.5,,,,,,
West Bank and Gaza,PSE,,,,,,,,,,,,,,,,,,,,,,,,,,,,,,,,,,,14.30000019,13.10000038,12.10000038,12.60000038,13.69999981,11.69999981,14.80000019,15.69999981,15.89999962,14.60000038,16.10000038,15.60000038,13.39999962,11.80000019,11.80000019,11.89999962,11.5,10.5,,
World,WLD,,,,,,,,,,,,,,,,,,,,,,,,,,,,,,,,,38.52670148,,,,,,36.10321518,,,15.83851145,14.2067058,22.90007481,13.69574503,,,,19.81018759,,,,,
Samoa,WSM,,,,,,,,,,,,,,,,,,,,,,,,,,,,,,,,,,,,,,,,39.90000153,,,,,35.40000153,,,,,37,5.400000095,,,
"Yemen, Rep.",YEM,,,,,,,,,,,,,,,,,,,,,,,,,,,,,,52.59999847,,,53.59999847,,,,56.29999924,43.90000153,,,,,31,,,,,,24.70000076,,,,,
South Africa,ZAF,,,,,,,,,,,,,,,,,,,,,,,,,,,,,,,,,,,,,,,15,9.699999809,12.19999981,10.30000019,9.100000381,5.800000191,6.400000095,5.5,5.699999809,5.099999905,4.900000095,4.599999905,4.900000095,5.099999905,4.599999905,
"Congo, Dem. Rep.",COD,,,,,,,,,,,,,,,,,,,,,,,,,,,,,,,,,,,,,,,,,,,,,,,,,,,,,,
Zambia,ZMB,,,,,,,,,,,,,,,,,,,,,,,,,,,,,49.79999924,,,,,,,,70,,71.59999847,,,,,72.19999695,,,71.30000305,,,,52.20000076,,,
Zimbabwe,ZWE,,,,,,,,,,,,,,,,,,,,,,,,,,,,,,,,,,,,,,60,,,,,64.80000305,,,,,,,65.80000305,,,,